-- phpMyAdmin SQL Dump
-- version 5.0.1
-- https://www.phpmyadmin.net/
--
-- Host: 127.0.0.1
-- Waktu pembuatan: 28 Jul 2023 pada 04.28
-- Versi server: 10.4.11-MariaDB
-- Versi PHP: 7.4.2

SET SQL_MODE = "NO_AUTO_VALUE_ON_ZERO";
SET AUTOCOMMIT = 0;
START TRANSACTION;
SET time_zone = "+00:00";


/*!40101 SET @OLD_CHARACTER_SET_CLIENT=@@CHARACTER_SET_CLIENT */;
/*!40101 SET @OLD_CHARACTER_SET_RESULTS=@@CHARACTER_SET_RESULTS */;
/*!40101 SET @OLD_COLLATION_CONNECTION=@@COLLATION_CONNECTION */;
/*!40101 SET NAMES utf8mb4 */;

--
-- Database: `prediksi_harga`
--

-- --------------------------------------------------------

--
-- Struktur dari tabel `bahan_pangan`
--

CREATE TABLE `bahan_pangan` (
  `id` int(10) UNSIGNED NOT NULL,
  `kategori_id` int(10) UNSIGNED DEFAULT NULL,
  `nama_bahan` varchar(255) COLLATE utf8mb4_unicode_ci DEFAULT NULL,
  `bulan` int(11) DEFAULT NULL,
  `tahun` int(11) DEFAULT NULL,
  `harga` int(11) NOT NULL,
  `updated_at` timestamp NOT NULL DEFAULT current_timestamp() ON UPDATE current_timestamp()
) ENGINE=InnoDB DEFAULT CHARSET=utf8mb4 COLLATE=utf8mb4_unicode_ci;

--
-- Dumping data untuk tabel `bahan_pangan`
--

INSERT INTO `bahan_pangan` (`id`, `kategori_id`, `nama_bahan`, `bulan`, `tahun`, `harga`, `updated_at`) VALUES
(7, 2, 'Beras Kualitas Bawah I', 1, 2018, 10300, '2023-07-24 10:03:30'),
(8, 2, 'Beras Kualitas Bawah I', 2, 2018, 10450, '2023-07-24 10:03:30'),
(9, 2, 'Beras Kualitas Bawah I', 3, 2018, 10250, '2023-07-24 10:03:30'),
(10, 2, 'Beras Kualitas Bawah I', 4, 2018, 10400, '2023-07-24 10:03:30'),
(11, 2, 'Beras Kualitas Bawah I', 5, 2018, 10300, '2023-07-24 10:03:30'),
(12, 2, 'Beras Kualitas Bawah I', 6, 2018, 10050, '2023-07-24 10:03:30'),
(13, 2, 'Beras Kualitas Bawah I', 7, 2018, 10000, '2023-07-24 10:03:30'),
(14, 2, 'Beras Kualitas Bawah I', 8, 2018, 9900, '2023-07-24 10:03:30'),
(15, 2, 'Beras Kualitas Bawah I', 9, 2018, 9900, '2023-07-24 10:03:30'),
(16, 2, 'Beras Kualitas Bawah I', 10, 2018, 9900, '2023-07-24 10:03:30'),
(17, 2, 'Beras Kualitas Bawah I', 11, 2018, 10000, '2023-07-24 10:03:30'),
(18, 2, 'Beras Kualitas Bawah I', 12, 2018, 10100, '2023-07-24 10:03:30'),
(19, 2, 'Beras Kualitas Bawah I', 1, 2019, 10200, '2023-07-24 10:03:30'),
(20, 2, 'Beras Kualitas Bawah I', 2, 2019, 10300, '2023-07-24 10:03:30'),
(21, 2, 'Beras Kualitas Bawah I', 3, 2019, 10200, '2023-07-24 10:03:30'),
(22, 2, 'Beras Kualitas Bawah I', 4, 2019, 9950, '2023-07-24 10:03:30'),
(23, 2, 'Beras Kualitas Bawah I', 5, 2019, 9900, '2023-07-24 10:03:30'),
(24, 2, 'Beras Kualitas Bawah I', 6, 2019, 9950, '2023-07-24 10:03:30'),
(25, 2, 'Beras Kualitas Bawah I', 7, 2019, 9950, '2023-07-24 10:03:30'),
(26, 2, 'Beras Kualitas Bawah I', 8, 2019, 9950, '2023-07-24 10:03:30'),
(27, 2, 'Beras Kualitas Bawah I', 9, 2019, 10000, '2023-07-24 10:03:30'),
(28, 2, 'Beras Kualitas Bawah I', 10, 2019, 10000, '2023-07-24 10:03:30'),
(29, 2, 'Beras Kualitas Bawah I', 11, 2019, 10000, '2023-07-24 10:03:30'),
(30, 2, 'Beras Kualitas Bawah I', 12, 2019, 10250, '2023-07-24 10:03:30'),
(31, 2, 'Beras Kualitas Bawah I', 1, 2020, 10050, '2023-07-24 10:03:30'),
(32, 2, 'Beras Kualitas Bawah I', 2, 2020, 9900, '2023-07-24 10:03:30'),
(33, 2, 'Beras Kualitas Bawah I', 3, 2020, 9950, '2023-07-24 10:03:30'),
(34, 2, 'Beras Kualitas Bawah I', 4, 2020, 10000, '2023-07-24 10:03:30'),
(35, 2, 'Beras Kualitas Bawah I', 5, 2020, 9750, '2023-07-24 10:03:30'),
(36, 2, 'Beras Kualitas Bawah I', 6, 2020, 9650, '2023-07-24 10:03:30'),
(37, 2, 'Beras Kualitas Bawah I', 7, 2020, 9600, '2023-07-24 10:03:30'),
(38, 2, 'Beras Kualitas Bawah I', 8, 2020, 9600, '2023-07-24 10:03:30'),
(39, 2, 'Beras Kualitas Bawah I', 9, 2020, 9550, '2023-07-24 10:03:30'),
(40, 2, 'Beras Kualitas Bawah I', 10, 2020, 9500, '2023-07-24 10:03:30'),
(41, 2, 'Beras Kualitas Bawah I', 11, 2020, 9600, '2023-07-24 10:03:30'),
(42, 2, 'Beras Kualitas Bawah I', 12, 2020, 9600, '2023-07-24 10:03:30'),
(43, 2, 'Beras Kualitas Bawah I', 1, 2021, 9550, '2023-07-24 10:03:30'),
(44, 2, 'Beras Kualitas Bawah I', 2, 2021, 9500, '2023-07-24 10:03:30'),
(45, 2, 'Beras Kualitas Bawah I', 3, 2021, 9400, '2023-07-24 10:03:30'),
(46, 2, 'Beras Kualitas Bawah I', 4, 2021, 9350, '2023-07-24 10:03:30'),
(47, 2, 'Beras Kualitas Bawah I', 5, 2021, 9350, '2023-07-24 10:03:30'),
(48, 2, 'Beras Kualitas Bawah I', 6, 2021, 9200, '2023-07-24 10:03:30'),
(49, 2, 'Beras Kualitas Bawah I', 7, 2021, 9300, '2023-07-24 10:03:30'),
(50, 2, 'Beras Kualitas Bawah I', 8, 2021, 9250, '2023-07-24 10:03:30'),
(51, 2, 'Beras Kualitas Bawah I', 9, 2021, 9250, '2023-07-24 10:03:30'),
(52, 2, 'Beras Kualitas Bawah I', 10, 2021, 9300, '2023-07-24 10:03:30'),
(53, 2, 'Beras Kualitas Bawah I', 11, 2021, 9450, '2023-07-24 10:03:30'),
(54, 2, 'Beras Kualitas Bawah I', 12, 2021, 9550, '2023-07-24 10:03:30'),
(55, 2, 'Beras Kualitas Bawah I', 1, 2022, 9650, '2023-07-24 10:03:30'),
(56, 2, 'Beras Kualitas Bawah I', 2, 2022, 9700, '2023-07-24 10:03:30'),
(57, 2, 'Beras Kualitas Bawah I', 3, 2022, 9700, '2023-07-24 10:03:30'),
(58, 2, 'Beras Kualitas Bawah I', 4, 2022, 9600, '2023-07-24 10:03:30'),
(59, 2, 'Beras Kualitas Bawah I', 5, 2022, 9150, '2023-07-24 10:03:30'),
(60, 2, 'Beras Kualitas Bawah I', 6, 2022, 8800, '2023-07-24 10:03:30'),
(61, 2, 'Beras Kualitas Bawah I', 7, 2022, 8800, '2023-07-24 10:03:30'),
(62, 2, 'Beras Kualitas Bawah I', 8, 2022, 9000, '2023-07-24 10:03:30'),
(63, 2, 'Beras Kualitas Bawah I', 9, 2022, 9200, '2023-07-24 10:03:30'),
(64, 2, 'Beras Kualitas Bawah I', 10, 2022, 9450, '2023-07-24 10:03:30'),
(65, 2, 'Beras Kualitas Bawah I', 11, 2022, 9650, '2023-07-24 10:03:30'),
(66, 2, 'Beras Kualitas Bawah I', 12, 2022, 10000, '2023-07-24 10:03:30'),
(67, 2, 'Beras Kualitas Bawah II', 1, 2018, 9550, '2023-07-24 10:03:30'),
(68, 2, 'Beras Kualitas Bawah II', 2, 2018, 9750, '2023-07-24 10:03:30'),
(69, 2, 'Beras Kualitas Bawah II', 3, 2018, 9600, '2023-07-24 10:03:30'),
(70, 2, 'Beras Kualitas Bawah II', 4, 2018, 9650, '2023-07-24 10:03:30'),
(71, 2, 'Beras Kualitas Bawah II', 5, 2018, 9450, '2023-07-24 10:03:30'),
(72, 2, 'Beras Kualitas Bawah II', 6, 2018, 9300, '2023-07-24 10:03:30'),
(73, 2, 'Beras Kualitas Bawah II', 7, 2018, 9200, '2023-07-24 10:03:30'),
(74, 2, 'Beras Kualitas Bawah II', 8, 2018, 9150, '2023-07-24 10:03:30'),
(75, 2, 'Beras Kualitas Bawah II', 9, 2018, 9100, '2023-07-24 10:03:30'),
(76, 2, 'Beras Kualitas Bawah II', 10, 2018, 9050, '2023-07-24 10:03:30'),
(77, 2, 'Beras Kualitas Bawah II', 11, 2018, 9200, '2023-07-24 10:03:30'),
(78, 2, 'Beras Kualitas Bawah II', 12, 2018, 9200, '2023-07-24 10:03:30'),
(79, 2, 'Beras Kualitas Bawah II', 1, 2019, 9350, '2023-07-24 10:03:30'),
(80, 2, 'Beras Kualitas Bawah II', 2, 2019, 9400, '2023-07-24 10:03:30'),
(81, 2, 'Beras Kualitas Bawah II', 3, 2019, 9400, '2023-07-24 10:03:30'),
(82, 2, 'Beras Kualitas Bawah II', 4, 2019, 9200, '2023-07-24 10:03:30'),
(83, 2, 'Beras Kualitas Bawah II', 5, 2019, 9200, '2023-07-24 10:03:30'),
(84, 2, 'Beras Kualitas Bawah II', 6, 2019, 9250, '2023-07-24 10:03:30'),
(85, 2, 'Beras Kualitas Bawah II', 7, 2019, 9250, '2023-07-24 10:03:30'),
(86, 2, 'Beras Kualitas Bawah II', 8, 2019, 9250, '2023-07-24 10:03:30'),
(87, 2, 'Beras Kualitas Bawah II', 9, 2019, 9250, '2023-07-24 10:03:30'),
(88, 2, 'Beras Kualitas Bawah II', 10, 2019, 9250, '2023-07-24 10:03:30'),
(89, 2, 'Beras Kualitas Bawah II', 11, 2019, 9250, '2023-07-24 10:03:30'),
(90, 2, 'Beras Kualitas Bawah II', 12, 2019, 9250, '2023-07-24 10:03:30'),
(91, 2, 'Beras Kualitas Bawah II', 1, 2020, 9250, '2023-07-24 10:03:30'),
(92, 2, 'Beras Kualitas Bawah II', 2, 2020, 9400, '2023-07-24 10:03:30'),
(93, 2, 'Beras Kualitas Bawah II', 3, 2020, 9550, '2023-07-24 10:03:30'),
(94, 2, 'Beras Kualitas Bawah II', 4, 2020, 9550, '2023-07-24 10:03:30'),
(95, 2, 'Beras Kualitas Bawah II', 5, 2020, 9300, '2023-07-24 10:03:30'),
(96, 2, 'Beras Kualitas Bawah II', 6, 2020, 9150, '2023-07-24 10:03:30'),
(97, 2, 'Beras Kualitas Bawah II', 7, 2020, 9100, '2023-07-24 10:03:30'),
(98, 2, 'Beras Kualitas Bawah II', 8, 2020, 9250, '2023-07-24 10:03:30'),
(99, 2, 'Beras Kualitas Bawah II', 9, 2020, 9350, '2023-07-24 10:03:30'),
(100, 2, 'Beras Kualitas Bawah II', 10, 2020, 9350, '2023-07-24 10:03:30'),
(101, 2, 'Beras Kualitas Bawah II', 11, 2020, 9350, '2023-07-24 10:03:30'),
(102, 2, 'Beras Kualitas Bawah II', 12, 2020, 9450, '2023-07-24 10:03:30'),
(103, 2, 'Beras Kualitas Bawah II', 1, 2021, 9400, '2023-07-24 10:03:30'),
(104, 2, 'Beras Kualitas Bawah II', 2, 2021, 9300, '2023-07-24 10:03:30'),
(105, 2, 'Beras Kualitas Bawah II', 3, 2021, 9200, '2023-07-24 10:03:30'),
(106, 2, 'Beras Kualitas Bawah II', 4, 2021, 9150, '2023-07-24 10:03:30'),
(107, 2, 'Beras Kualitas Bawah II', 5, 2021, 9150, '2023-07-24 10:03:30'),
(108, 2, 'Beras Kualitas Bawah II', 6, 2021, 8950, '2023-07-24 10:03:30'),
(109, 2, 'Beras Kualitas Bawah II', 7, 2021, 9050, '2023-07-24 10:03:30'),
(110, 2, 'Beras Kualitas Bawah II', 8, 2021, 9000, '2023-07-24 10:03:30'),
(111, 2, 'Beras Kualitas Bawah II', 9, 2021, 9000, '2023-07-24 10:03:30'),
(112, 2, 'Beras Kualitas Bawah II', 10, 2021, 9000, '2023-07-24 10:03:30'),
(113, 2, 'Beras Kualitas Bawah II', 11, 2021, 9200, '2023-07-24 10:03:30'),
(114, 2, 'Beras Kualitas Bawah II', 12, 2021, 9400, '2023-07-24 10:03:30'),
(115, 2, 'Beras Kualitas Bawah II', 1, 2022, 9350, '2023-07-24 10:03:30'),
(116, 2, 'Beras Kualitas Bawah II', 2, 2022, 9450, '2023-07-24 10:03:30'),
(117, 2, 'Beras Kualitas Bawah II', 3, 2022, 9450, '2023-07-24 10:03:30'),
(118, 2, 'Beras Kualitas Bawah II', 4, 2022, 9350, '2023-07-24 10:03:30'),
(119, 2, 'Beras Kualitas Bawah II', 5, 2022, 8450, '2023-07-24 10:03:30'),
(120, 2, 'Beras Kualitas Bawah II', 6, 2022, 7750, '2023-07-24 10:03:30'),
(121, 2, 'Beras Kualitas Bawah II', 7, 2022, 7750, '2023-07-24 10:03:30'),
(122, 2, 'Beras Kualitas Bawah II', 8, 2022, 8000, '2023-07-24 10:03:30'),
(123, 2, 'Beras Kualitas Bawah II', 9, 2022, 8300, '2023-07-24 10:03:30'),
(124, 2, 'Beras Kualitas Bawah II', 10, 2022, 8500, '2023-07-24 10:03:30'),
(125, 2, 'Beras Kualitas Bawah II', 11, 2022, 8700, '2023-07-24 10:03:30'),
(126, 2, 'Beras Kualitas Bawah II', 12, 2022, 9000, '2023-07-24 10:03:30'),
(127, 2, 'Beras Kualitas Medium I', 1, 2018, 11600, '2023-07-24 10:03:30'),
(128, 2, 'Beras Kualitas Medium I', 2, 2018, 11750, '2023-07-24 10:03:30'),
(129, 2, 'Beras Kualitas Medium I', 3, 2018, 11400, '2023-07-24 10:03:30'),
(130, 2, 'Beras Kualitas Medium I', 4, 2018, 11250, '2023-07-24 10:03:30'),
(131, 2, 'Beras Kualitas Medium I', 5, 2018, 11100, '2023-07-24 10:03:30'),
(132, 2, 'Beras Kualitas Medium I', 6, 2018, 10900, '2023-07-24 10:03:30'),
(133, 2, 'Beras Kualitas Medium I', 7, 2018, 10850, '2023-07-24 10:03:30'),
(134, 2, 'Beras Kualitas Medium I', 8, 2018, 10750, '2023-07-24 10:03:30'),
(135, 2, 'Beras Kualitas Medium I', 9, 2018, 10750, '2023-07-24 10:03:30'),
(136, 2, 'Beras Kualitas Medium I', 10, 2018, 10750, '2023-07-24 10:03:30'),
(137, 2, 'Beras Kualitas Medium I', 11, 2018, 10850, '2023-07-24 10:03:30'),
(138, 2, 'Beras Kualitas Medium I', 12, 2018, 10900, '2023-07-24 10:03:30'),
(139, 2, 'Beras Kualitas Medium I', 1, 2019, 10950, '2023-07-24 10:03:30'),
(140, 2, 'Beras Kualitas Medium I', 2, 2019, 11000, '2023-07-24 10:03:30'),
(141, 2, 'Beras Kualitas Medium I', 3, 2019, 10900, '2023-07-24 10:03:30'),
(142, 2, 'Beras Kualitas Medium I', 4, 2019, 10650, '2023-07-24 10:03:30'),
(143, 2, 'Beras Kualitas Medium I', 5, 2019, 10600, '2023-07-24 10:03:30'),
(144, 2, 'Beras Kualitas Medium I', 6, 2019, 10600, '2023-07-24 10:03:30'),
(145, 2, 'Beras Kualitas Medium I', 7, 2019, 10650, '2023-07-24 10:03:30'),
(146, 2, 'Beras Kualitas Medium I', 8, 2019, 10600, '2023-07-24 10:03:30'),
(147, 2, 'Beras Kualitas Medium I', 9, 2019, 10650, '2023-07-24 10:03:30'),
(148, 2, 'Beras Kualitas Medium I', 10, 2019, 10650, '2023-07-24 10:03:30'),
(149, 2, 'Beras Kualitas Medium I', 11, 2019, 10650, '2023-07-24 10:03:30'),
(150, 2, 'Beras Kualitas Medium I', 12, 2019, 10650, '2023-07-24 10:03:30'),
(151, 2, 'Beras Kualitas Medium I', 1, 2020, 10750, '2023-07-24 10:03:30'),
(152, 2, 'Beras Kualitas Medium I', 2, 2020, 10800, '2023-07-24 10:03:30'),
(153, 2, 'Beras Kualitas Medium I', 3, 2020, 10800, '2023-07-24 10:03:30'),
(154, 2, 'Beras Kualitas Medium I', 4, 2020, 10750, '2023-07-24 10:03:30'),
(155, 2, 'Beras Kualitas Medium I', 5, 2020, 10750, '2023-07-24 10:03:30'),
(156, 2, 'Beras Kualitas Medium I', 6, 2020, 10700, '2023-07-24 10:03:30'),
(157, 2, 'Beras Kualitas Medium I', 7, 2020, 10600, '2023-07-24 10:03:30'),
(158, 2, 'Beras Kualitas Medium I', 8, 2020, 10550, '2023-07-24 10:03:30'),
(159, 2, 'Beras Kualitas Medium I', 9, 2020, 10550, '2023-07-24 10:03:30'),
(160, 2, 'Beras Kualitas Medium I', 10, 2020, 10550, '2023-07-24 10:03:30'),
(161, 2, 'Beras Kualitas Medium I', 11, 2020, 10500, '2023-07-24 10:03:30'),
(162, 2, 'Beras Kualitas Medium I', 12, 2020, 10450, '2023-07-24 10:03:30'),
(163, 2, 'Beras Kualitas Medium I', 1, 2021, 10500, '2023-07-24 10:03:30'),
(164, 2, 'Beras Kualitas Medium I', 2, 2021, 10450, '2023-07-24 10:03:30'),
(165, 2, 'Beras Kualitas Medium I', 3, 2021, 10400, '2023-07-24 10:03:30'),
(166, 2, 'Beras Kualitas Medium I', 4, 2021, 10400, '2023-07-24 10:03:30'),
(167, 2, 'Beras Kualitas Medium I', 5, 2021, 10350, '2023-07-24 10:03:30'),
(168, 2, 'Beras Kualitas Medium I', 6, 2021, 10300, '2023-07-24 10:03:30'),
(169, 2, 'Beras Kualitas Medium I', 7, 2021, 10250, '2023-07-24 10:03:30'),
(170, 2, 'Beras Kualitas Medium I', 8, 2021, 10200, '2023-07-24 10:03:30'),
(171, 2, 'Beras Kualitas Medium I', 9, 2021, 10200, '2023-07-24 10:03:30'),
(172, 2, 'Beras Kualitas Medium I', 10, 2021, 10200, '2023-07-24 10:03:30'),
(173, 2, 'Beras Kualitas Medium I', 11, 2021, 10200, '2023-07-24 10:03:30'),
(174, 2, 'Beras Kualitas Medium I', 12, 2021, 10250, '2023-07-24 10:03:30'),
(175, 2, 'Beras Kualitas Medium I', 1, 2022, 10500, '2023-07-24 10:03:30'),
(176, 2, 'Beras Kualitas Medium I', 2, 2022, 10550, '2023-07-24 10:03:30'),
(177, 2, 'Beras Kualitas Medium I', 3, 2022, 10550, '2023-07-24 10:03:30'),
(178, 2, 'Beras Kualitas Medium I', 4, 2022, 10550, '2023-07-24 10:03:30'),
(179, 2, 'Beras Kualitas Medium I', 5, 2022, 10300, '2023-07-24 10:03:30'),
(180, 2, 'Beras Kualitas Medium I', 6, 2022, 10200, '2023-07-24 10:03:30'),
(181, 2, 'Beras Kualitas Medium I', 7, 2022, 10200, '2023-07-24 10:03:30'),
(182, 2, 'Beras Kualitas Medium I', 8, 2022, 10350, '2023-07-24 10:03:30'),
(183, 2, 'Beras Kualitas Medium I', 9, 2022, 10550, '2023-07-24 10:03:30'),
(184, 2, 'Beras Kualitas Medium I', 10, 2022, 10850, '2023-07-24 10:03:30'),
(185, 2, 'Beras Kualitas Medium I', 11, 2022, 11000, '2023-07-24 10:03:30'),
(186, 2, 'Beras Kualitas Medium I', 12, 2022, 11350, '2023-07-24 10:03:30'),
(187, 2, 'Beras Kualitas Medium II', 1, 2018, 11100, '2023-07-24 10:03:30'),
(188, 2, 'Beras Kualitas Medium II', 2, 2018, 11250, '2023-07-24 10:03:30'),
(189, 2, 'Beras Kualitas Medium II', 3, 2018, 10800, '2023-07-24 10:03:30'),
(190, 2, 'Beras Kualitas Medium II', 4, 2018, 10550, '2023-07-24 10:03:30'),
(191, 2, 'Beras Kualitas Medium II', 5, 2018, 10300, '2023-07-24 10:03:30'),
(192, 2, 'Beras Kualitas Medium II', 6, 2018, 10050, '2023-07-24 10:03:30'),
(193, 2, 'Beras Kualitas Medium II', 7, 2018, 10050, '2023-07-24 10:03:30'),
(194, 2, 'Beras Kualitas Medium II', 8, 2018, 9950, '2023-07-24 10:03:30'),
(195, 2, 'Beras Kualitas Medium II', 9, 2018, 10050, '2023-07-24 10:03:30'),
(196, 2, 'Beras Kualitas Medium II', 10, 2018, 10150, '2023-07-24 10:03:30'),
(197, 2, 'Beras Kualitas Medium II', 11, 2018, 10200, '2023-07-24 10:03:30'),
(198, 2, 'Beras Kualitas Medium II', 12, 2018, 10300, '2023-07-24 10:03:30'),
(199, 2, 'Beras Kualitas Medium II', 1, 2019, 10350, '2023-07-24 10:03:30'),
(200, 2, 'Beras Kualitas Medium II', 2, 2019, 10350, '2023-07-24 10:03:30'),
(201, 2, 'Beras Kualitas Medium II', 3, 2019, 10250, '2023-07-24 10:03:30'),
(202, 2, 'Beras Kualitas Medium II', 4, 2019, 9900, '2023-07-24 10:03:30'),
(203, 2, 'Beras Kualitas Medium II', 5, 2019, 9750, '2023-07-24 10:03:30'),
(204, 2, 'Beras Kualitas Medium II', 6, 2019, 9750, '2023-07-24 10:03:30'),
(205, 2, 'Beras Kualitas Medium II', 7, 2019, 9800, '2023-07-24 10:03:30'),
(206, 2, 'Beras Kualitas Medium II', 8, 2019, 9850, '2023-07-24 10:03:30'),
(207, 2, 'Beras Kualitas Medium II', 9, 2019, 9900, '2023-07-24 10:03:30'),
(208, 2, 'Beras Kualitas Medium II', 10, 2019, 9950, '2023-07-24 10:03:30'),
(209, 2, 'Beras Kualitas Medium II', 11, 2019, 9950, '2023-07-24 10:03:30'),
(210, 2, 'Beras Kualitas Medium II', 12, 2019, 10000, '2023-07-24 10:03:30'),
(211, 2, 'Beras Kualitas Medium II', 1, 2020, 10050, '2023-07-24 10:03:30'),
(212, 2, 'Beras Kualitas Medium II', 2, 2020, 10200, '2023-07-24 10:03:30'),
(213, 2, 'Beras Kualitas Medium II', 3, 2020, 10150, '2023-07-24 10:03:30'),
(214, 2, 'Beras Kualitas Medium II', 4, 2020, 10100, '2023-07-24 10:03:30'),
(215, 2, 'Beras Kualitas Medium II', 5, 2020, 10050, '2023-07-24 10:03:30'),
(216, 2, 'Beras Kualitas Medium II', 6, 2020, 10100, '2023-07-24 10:03:30'),
(217, 2, 'Beras Kualitas Medium II', 7, 2020, 10050, '2023-07-24 10:03:30'),
(218, 2, 'Beras Kualitas Medium II', 8, 2020, 9950, '2023-07-24 10:03:30'),
(219, 2, 'Beras Kualitas Medium II', 9, 2020, 9900, '2023-07-24 10:03:30'),
(220, 2, 'Beras Kualitas Medium II', 10, 2020, 9950, '2023-07-24 10:03:30'),
(221, 2, 'Beras Kualitas Medium II', 11, 2020, 9900, '2023-07-24 10:03:30'),
(222, 2, 'Beras Kualitas Medium II', 12, 2020, 9950, '2023-07-24 10:03:30'),
(223, 2, 'Beras Kualitas Medium II', 1, 2021, 10000, '2023-07-24 10:03:30'),
(224, 2, 'Beras Kualitas Medium II', 2, 2021, 10000, '2023-07-24 10:03:30'),
(225, 2, 'Beras Kualitas Medium II', 3, 2021, 9950, '2023-07-24 10:03:30'),
(226, 2, 'Beras Kualitas Medium II', 4, 2021, 9850, '2023-07-24 10:03:30'),
(227, 2, 'Beras Kualitas Medium II', 5, 2021, 9850, '2023-07-24 10:03:30'),
(228, 2, 'Beras Kualitas Medium II', 6, 2021, 9800, '2023-07-24 10:03:30'),
(229, 2, 'Beras Kualitas Medium II', 7, 2021, 9750, '2023-07-24 10:03:30'),
(230, 2, 'Beras Kualitas Medium II', 8, 2021, 9650, '2023-07-24 10:03:30'),
(231, 2, 'Beras Kualitas Medium II', 9, 2021, 9700, '2023-07-24 10:03:30'),
(232, 2, 'Beras Kualitas Medium II', 10, 2021, 9650, '2023-07-24 10:03:30'),
(233, 2, 'Beras Kualitas Medium II', 11, 2021, 9650, '2023-07-24 10:03:30'),
(234, 2, 'Beras Kualitas Medium II', 12, 2021, 9800, '2023-07-24 10:03:30'),
(235, 2, 'Beras Kualitas Medium II', 1, 2022, 10000, '2023-07-24 10:03:30'),
(236, 2, 'Beras Kualitas Medium II', 2, 2022, 10000, '2023-07-24 10:03:30'),
(237, 2, 'Beras Kualitas Medium II', 3, 2022, 10000, '2023-07-24 10:03:30'),
(238, 2, 'Beras Kualitas Medium II', 4, 2022, 10000, '2023-07-24 10:03:30'),
(239, 2, 'Beras Kualitas Medium II', 5, 2022, 9600, '2023-07-24 10:03:30'),
(240, 2, 'Beras Kualitas Medium II', 6, 2022, 9250, '2023-07-24 10:03:30'),
(241, 2, 'Beras Kualitas Medium II', 7, 2022, 9350, '2023-07-24 10:03:30'),
(242, 2, 'Beras Kualitas Medium II', 8, 2022, 9500, '2023-07-24 10:03:30'),
(243, 2, 'Beras Kualitas Medium II', 9, 2022, 9700, '2023-07-24 10:03:30'),
(244, 2, 'Beras Kualitas Medium II', 10, 2022, 10000, '2023-07-24 10:03:30'),
(245, 2, 'Beras Kualitas Medium II', 11, 2022, 10200, '2023-07-24 10:03:30'),
(246, 2, 'Beras Kualitas Medium II', 12, 2022, 10550, '2023-07-24 10:03:30'),
(247, 2, 'Beras Kualitas Super I', 1, 2018, 12650, '2023-07-24 10:03:30'),
(248, 2, 'Beras Kualitas Super I', 2, 2018, 12850, '2023-07-24 10:03:30'),
(249, 2, 'Beras Kualitas Super I', 3, 2018, 12550, '2023-07-24 10:03:30'),
(250, 2, 'Beras Kualitas Super I', 4, 2018, 12350, '2023-07-24 10:03:30'),
(251, 2, 'Beras Kualitas Super I', 5, 2018, 12150, '2023-07-24 10:03:30'),
(252, 2, 'Beras Kualitas Super I', 6, 2018, 12050, '2023-07-24 10:03:30'),
(253, 2, 'Beras Kualitas Super I', 7, 2018, 11950, '2023-07-24 10:03:30'),
(254, 2, 'Beras Kualitas Super I', 8, 2018, 11850, '2023-07-24 10:03:30'),
(255, 2, 'Beras Kualitas Super I', 9, 2018, 11850, '2023-07-24 10:03:30'),
(256, 2, 'Beras Kualitas Super I', 10, 2018, 11850, '2023-07-24 10:03:30'),
(257, 2, 'Beras Kualitas Super I', 11, 2018, 11950, '2023-07-24 10:03:30'),
(258, 2, 'Beras Kualitas Super I', 12, 2018, 12000, '2023-07-24 10:03:30'),
(259, 2, 'Beras Kualitas Super I', 1, 2019, 12050, '2023-07-24 10:03:30'),
(260, 2, 'Beras Kualitas Super I', 2, 2019, 12100, '2023-07-24 10:03:30'),
(261, 2, 'Beras Kualitas Super I', 3, 2019, 12050, '2023-07-24 10:03:30'),
(262, 2, 'Beras Kualitas Super I', 4, 2019, 11900, '2023-07-24 10:03:30'),
(263, 2, 'Beras Kualitas Super I', 5, 2019, 11800, '2023-07-24 10:03:30'),
(264, 2, 'Beras Kualitas Super I', 6, 2019, 11800, '2023-07-24 10:03:30'),
(265, 2, 'Beras Kualitas Super I', 7, 2019, 11850, '2023-07-24 10:03:30'),
(266, 2, 'Beras Kualitas Super I', 8, 2019, 11800, '2023-07-24 10:03:30'),
(267, 2, 'Beras Kualitas Super I', 9, 2019, 11800, '2023-07-24 10:03:30'),
(268, 2, 'Beras Kualitas Super I', 10, 2019, 11800, '2023-07-24 10:03:30'),
(269, 2, 'Beras Kualitas Super I', 11, 2019, 11800, '2023-07-24 10:03:30'),
(270, 2, 'Beras Kualitas Super I', 12, 2019, 11800, '2023-07-24 10:03:30'),
(271, 2, 'Beras Kualitas Super I', 1, 2020, 11750, '2023-07-24 10:03:30'),
(272, 2, 'Beras Kualitas Super I', 2, 2020, 11800, '2023-07-24 10:03:30'),
(273, 2, 'Beras Kualitas Super I', 3, 2020, 11850, '2023-07-24 10:03:30'),
(274, 2, 'Beras Kualitas Super I', 4, 2020, 11850, '2023-07-24 10:03:30'),
(275, 2, 'Beras Kualitas Super I', 5, 2020, 11850, '2023-07-24 10:03:30'),
(276, 2, 'Beras Kualitas Super I', 6, 2020, 11850, '2023-07-24 10:03:30'),
(277, 2, 'Beras Kualitas Super I', 7, 2020, 11800, '2023-07-24 10:03:30'),
(278, 2, 'Beras Kualitas Super I', 8, 2020, 11750, '2023-07-24 10:03:30'),
(279, 2, 'Beras Kualitas Super I', 9, 2020, 11750, '2023-07-24 10:03:30'),
(280, 2, 'Beras Kualitas Super I', 10, 2020, 11700, '2023-07-24 10:03:30'),
(281, 2, 'Beras Kualitas Super I', 11, 2020, 11700, '2023-07-24 10:03:30'),
(282, 2, 'Beras Kualitas Super I', 12, 2020, 11700, '2023-07-24 10:03:30'),
(283, 2, 'Beras Kualitas Super I', 1, 2021, 11750, '2023-07-24 10:03:30'),
(284, 2, 'Beras Kualitas Super I', 2, 2021, 11700, '2023-07-24 10:03:30'),
(285, 2, 'Beras Kualitas Super I', 3, 2021, 11600, '2023-07-24 10:03:30'),
(286, 2, 'Beras Kualitas Super I', 4, 2021, 11550, '2023-07-24 10:03:30'),
(287, 2, 'Beras Kualitas Super I', 5, 2021, 11550, '2023-07-24 10:03:30'),
(288, 2, 'Beras Kualitas Super I', 6, 2021, 11500, '2023-07-24 10:03:30'),
(289, 2, 'Beras Kualitas Super I', 7, 2021, 11450, '2023-07-24 10:03:30'),
(290, 2, 'Beras Kualitas Super I', 8, 2021, 11450, '2023-07-24 10:03:30'),
(291, 2, 'Beras Kualitas Super I', 9, 2021, 11450, '2023-07-24 10:03:30'),
(292, 2, 'Beras Kualitas Super I', 10, 2021, 11450, '2023-07-24 10:03:30'),
(293, 2, 'Beras Kualitas Super I', 11, 2021, 11450, '2023-07-24 10:03:30'),
(294, 2, 'Beras Kualitas Super I', 12, 2021, 11600, '2023-07-24 10:03:30'),
(295, 2, 'Beras Kualitas Super I', 1, 2022, 11700, '2023-07-24 10:03:30'),
(296, 2, 'Beras Kualitas Super I', 2, 2022, 11700, '2023-07-24 10:03:30'),
(297, 2, 'Beras Kualitas Super I', 3, 2022, 11700, '2023-07-24 10:03:30'),
(298, 2, 'Beras Kualitas Super I', 4, 2022, 11700, '2023-07-24 10:03:30'),
(299, 2, 'Beras Kualitas Super I', 5, 2022, 11350, '2023-07-24 10:03:30'),
(300, 2, 'Beras Kualitas Super I', 6, 2022, 10750, '2023-07-24 10:03:30'),
(301, 2, 'Beras Kualitas Super I', 7, 2022, 10700, '2023-07-24 10:03:30'),
(302, 2, 'Beras Kualitas Super I', 8, 2022, 10900, '2023-07-24 10:03:30'),
(303, 2, 'Beras Kualitas Super I', 9, 2022, 11100, '2023-07-24 10:03:30'),
(304, 2, 'Beras Kualitas Super I', 10, 2022, 11300, '2023-07-24 10:03:30'),
(305, 2, 'Beras Kualitas Super I', 11, 2022, 11450, '2023-07-24 10:03:30'),
(306, 2, 'Beras Kualitas Super I', 12, 2022, 11650, '2023-07-24 10:03:30'),
(307, 2, 'Beras Kualitas Super II', 1, 2018, 12150, '2023-07-24 10:03:30'),
(308, 2, 'Beras Kualitas Super II', 2, 2018, 12350, '2023-07-24 10:03:30'),
(309, 2, 'Beras Kualitas Super II', 3, 2018, 12050, '2023-07-24 10:03:30'),
(310, 2, 'Beras Kualitas Super II', 4, 2018, 11900, '2023-07-24 10:03:30'),
(311, 2, 'Beras Kualitas Super II', 5, 2018, 11800, '2023-07-24 10:03:30'),
(312, 2, 'Beras Kualitas Super II', 6, 2018, 11600, '2023-07-24 10:03:30'),
(313, 2, 'Beras Kualitas Super II', 7, 2018, 11500, '2023-07-24 10:03:30'),
(314, 2, 'Beras Kualitas Super II', 8, 2018, 11450, '2023-07-24 10:03:30'),
(315, 2, 'Beras Kualitas Super II', 9, 2018, 11450, '2023-07-24 10:03:30'),
(316, 2, 'Beras Kualitas Super II', 10, 2018, 11450, '2023-07-24 10:03:30'),
(317, 2, 'Beras Kualitas Super II', 11, 2018, 11550, '2023-07-24 10:03:30'),
(318, 2, 'Beras Kualitas Super II', 12, 2018, 11600, '2023-07-24 10:03:30'),
(319, 2, 'Beras Kualitas Super II', 1, 2019, 11400, '2023-07-24 10:03:30'),
(320, 2, 'Beras Kualitas Super II', 2, 2019, 11400, '2023-07-24 10:03:30'),
(321, 2, 'Beras Kualitas Super II', 3, 2019, 11300, '2023-07-24 10:03:30'),
(322, 2, 'Beras Kualitas Super II', 4, 2019, 11100, '2023-07-24 10:03:30'),
(323, 2, 'Beras Kualitas Super II', 5, 2019, 11100, '2023-07-24 10:03:30'),
(324, 2, 'Beras Kualitas Super II', 6, 2019, 11150, '2023-07-24 10:03:30'),
(325, 2, 'Beras Kualitas Super II', 7, 2019, 11100, '2023-07-24 10:03:30'),
(326, 2, 'Beras Kualitas Super II', 8, 2019, 11050, '2023-07-24 10:03:30'),
(327, 2, 'Beras Kualitas Super II', 9, 2019, 11050, '2023-07-24 10:03:30'),
(328, 2, 'Beras Kualitas Super II', 10, 2019, 11050, '2023-07-24 10:03:30'),
(329, 2, 'Beras Kualitas Super II', 11, 2019, 11050, '2023-07-24 10:03:30'),
(330, 2, 'Beras Kualitas Super II', 12, 2019, 11050, '2023-07-24 10:03:30'),
(331, 2, 'Beras Kualitas Super II', 1, 2020, 11100, '2023-07-24 10:03:30'),
(332, 2, 'Beras Kualitas Super II', 2, 2020, 11150, '2023-07-24 10:03:30'),
(333, 2, 'Beras Kualitas Super II', 3, 2020, 11150, '2023-07-24 10:03:30'),
(334, 2, 'Beras Kualitas Super II', 4, 2020, 11150, '2023-07-24 10:03:30'),
(335, 2, 'Beras Kualitas Super II', 5, 2020, 11100, '2023-07-24 10:03:30'),
(336, 2, 'Beras Kualitas Super II', 6, 2020, 11100, '2023-07-24 10:03:30'),
(337, 2, 'Beras Kualitas Super II', 7, 2020, 11050, '2023-07-24 10:03:30'),
(338, 2, 'Beras Kualitas Super II', 8, 2020, 11050, '2023-07-24 10:03:30'),
(339, 2, 'Beras Kualitas Super II', 9, 2020, 11000, '2023-07-24 10:03:30'),
(340, 2, 'Beras Kualitas Super II', 10, 2020, 11200, '2023-07-24 10:03:30'),
(341, 2, 'Beras Kualitas Super II', 11, 2020, 10950, '2023-07-24 10:03:30'),
(342, 2, 'Beras Kualitas Super II', 12, 2020, 10950, '2023-07-24 10:03:30'),
(343, 2, 'Beras Kualitas Super II', 1, 2021, 10950, '2023-07-24 10:03:30'),
(344, 2, 'Beras Kualitas Super II', 2, 2021, 10950, '2023-07-24 10:03:30'),
(345, 2, 'Beras Kualitas Super II', 3, 2021, 10850, '2023-07-24 10:03:30'),
(346, 2, 'Beras Kualitas Super II', 4, 2021, 10800, '2023-07-24 10:03:30'),
(347, 2, 'Beras Kualitas Super II', 5, 2021, 10800, '2023-07-24 10:03:30'),
(348, 2, 'Beras Kualitas Super II', 6, 2021, 10750, '2023-07-24 10:03:30'),
(349, 2, 'Beras Kualitas Super II', 7, 2021, 10650, '2023-07-24 10:03:30'),
(350, 2, 'Beras Kualitas Super II', 8, 2021, 10500, '2023-07-24 10:03:30'),
(351, 2, 'Beras Kualitas Super II', 9, 2021, 10550, '2023-07-24 10:03:30'),
(352, 2, 'Beras Kualitas Super II', 10, 2021, 10650, '2023-07-24 10:03:30'),
(353, 2, 'Beras Kualitas Super II', 11, 2021, 10650, '2023-07-24 10:03:30'),
(354, 2, 'Beras Kualitas Super II', 12, 2021, 10750, '2023-07-24 10:03:30'),
(355, 2, 'Beras Kualitas Super II', 1, 2022, 10900, '2023-07-24 10:03:30'),
(356, 2, 'Beras Kualitas Super II', 2, 2022, 10950, '2023-07-24 10:03:30'),
(357, 2, 'Beras Kualitas Super II', 3, 2022, 10950, '2023-07-24 10:03:30'),
(358, 2, 'Beras Kualitas Super II', 4, 2022, 11000, '2023-07-24 10:03:30'),
(359, 2, 'Beras Kualitas Super II', 5, 2022, 10400, '2023-07-24 10:03:30'),
(360, 2, 'Beras Kualitas Super II', 6, 2022, 9900, '2023-07-24 10:03:30'),
(361, 2, 'Beras Kualitas Super II', 7, 2022, 9950, '2023-07-24 10:03:30'),
(362, 2, 'Beras Kualitas Super II', 8, 2022, 10250, '2023-07-24 10:03:30'),
(363, 2, 'Beras Kualitas Super II', 9, 2022, 10500, '2023-07-24 10:03:30'),
(364, 2, 'Beras Kualitas Super II', 10, 2022, 10650, '2023-07-24 10:03:30'),
(365, 2, 'Beras Kualitas Super II', 11, 2022, 10800, '2023-07-24 10:03:30'),
(366, 2, 'Beras Kualitas Super II', 12, 2022, 11150, '2023-07-24 10:03:30'),
(367, 5, 'Daging Ayam Ras Segar', 1, 2018, 33100, '2023-07-24 10:03:30'),
(368, 5, 'Daging Ayam Ras Segar', 2, 2018, 30550, '2023-07-24 10:03:30'),
(369, 5, 'Daging Ayam Ras Segar', 3, 2018, 30300, '2023-07-24 10:03:30'),
(370, 5, 'Daging Ayam Ras Segar', 4, 2018, 31750, '2023-07-24 10:03:30'),
(371, 5, 'Daging Ayam Ras Segar', 5, 2018, 34550, '2023-07-24 10:03:30'),
(372, 5, 'Daging Ayam Ras Segar', 6, 2018, 37450, '2023-07-24 10:03:30'),
(373, 5, 'Daging Ayam Ras Segar', 7, 2018, 36250, '2023-07-24 10:03:30'),
(374, 5, 'Daging Ayam Ras Segar', 8, 2018, 34650, '2023-07-24 10:03:30'),
(375, 5, 'Daging Ayam Ras Segar', 9, 2018, 28800, '2023-07-24 10:03:30'),
(376, 5, 'Daging Ayam Ras Segar', 10, 2018, 30650, '2023-07-24 10:03:30'),
(377, 5, 'Daging Ayam Ras Segar', 11, 2018, 33050, '2023-07-24 10:03:30'),
(378, 5, 'Daging Ayam Ras Segar', 12, 2018, 34500, '2023-07-24 10:03:30'),
(379, 5, 'Daging Ayam Ras Segar', 1, 2019, 33500, '2023-07-24 10:03:30'),
(380, 5, 'Daging Ayam Ras Segar', 2, 2019, 31750, '2023-07-24 10:03:30'),
(381, 5, 'Daging Ayam Ras Segar', 3, 2019, 29850, '2023-07-24 10:03:30'),
(382, 5, 'Daging Ayam Ras Segar', 4, 2019, 30000, '2023-07-24 10:03:30'),
(383, 5, 'Daging Ayam Ras Segar', 5, 2019, 32250, '2023-07-24 10:03:30'),
(384, 5, 'Daging Ayam Ras Segar', 6, 2019, 28100, '2023-07-24 10:03:30'),
(385, 5, 'Daging Ayam Ras Segar', 7, 2019, 31900, '2023-07-24 10:03:30'),
(386, 5, 'Daging Ayam Ras Segar', 8, 2019, 31100, '2023-07-24 10:03:30'),
(387, 5, 'Daging Ayam Ras Segar', 9, 2019, 28100, '2023-07-24 10:03:30'),
(388, 5, 'Daging Ayam Ras Segar', 10, 2019, 31450, '2023-07-24 10:03:30'),
(389, 5, 'Daging Ayam Ras Segar', 11, 2019, 33400, '2023-07-24 10:03:30'),
(390, 5, 'Daging Ayam Ras Segar', 12, 2019, 31850, '2023-07-24 10:03:30'),
(391, 5, 'Daging Ayam Ras Segar', 1, 2020, 29700, '2023-07-24 10:03:30'),
(392, 5, 'Daging Ayam Ras Segar', 2, 2020, 32500, '2023-07-24 10:03:30'),
(393, 5, 'Daging Ayam Ras Segar', 3, 2020, 31050, '2023-07-24 10:03:30'),
(394, 5, 'Daging Ayam Ras Segar', 4, 2020, 26500, '2023-07-24 10:03:30'),
(395, 5, 'Daging Ayam Ras Segar', 5, 2020, 32750, '2023-07-24 10:03:30'),
(396, 5, 'Daging Ayam Ras Segar', 6, 2020, 36400, '2023-07-24 10:03:30'),
(397, 5, 'Daging Ayam Ras Segar', 7, 2020, 32550, '2023-07-24 10:03:30'),
(398, 5, 'Daging Ayam Ras Segar', 8, 2020, 27600, '2023-07-24 10:03:30'),
(399, 5, 'Daging Ayam Ras Segar', 9, 2020, 27800, '2023-07-24 10:03:30'),
(400, 5, 'Daging Ayam Ras Segar', 10, 2020, 28000, '2023-07-24 10:03:30'),
(401, 5, 'Daging Ayam Ras Segar', 11, 2020, 32550, '2023-07-24 10:03:30'),
(402, 5, 'Daging Ayam Ras Segar', 12, 2020, 33350, '2023-07-24 10:03:30'),
(403, 5, 'Daging Ayam Ras Segar', 1, 2021, 32400, '2023-07-24 10:03:30'),
(404, 5, 'Daging Ayam Ras Segar', 2, 2021, 31150, '2023-07-24 10:03:30'),
(405, 5, 'Daging Ayam Ras Segar', 3, 2021, 32150, '2023-07-24 10:03:30'),
(406, 5, 'Daging Ayam Ras Segar', 4, 2021, 37000, '2023-07-24 10:03:30'),
(407, 5, 'Daging Ayam Ras Segar', 5, 2021, 35750, '2023-07-24 10:03:30'),
(408, 5, 'Daging Ayam Ras Segar', 6, 2021, 31700, '2023-07-24 10:03:30'),
(409, 5, 'Daging Ayam Ras Segar', 7, 2021, 27950, '2023-07-24 10:03:30'),
(410, 5, 'Daging Ayam Ras Segar', 8, 2021, 30400, '2023-07-24 10:03:30'),
(411, 5, 'Daging Ayam Ras Segar', 9, 2021, 31800, '2023-07-24 10:03:30'),
(412, 5, 'Daging Ayam Ras Segar', 10, 2021, 32700, '2023-07-24 10:03:30'),
(413, 5, 'Daging Ayam Ras Segar', 11, 2021, 32550, '2023-07-24 10:03:30'),
(414, 5, 'Daging Ayam Ras Segar', 12, 2021, 34050, '2023-07-24 10:03:30'),
(415, 5, 'Daging Ayam Ras Segar', 1, 2022, 36750, '2023-07-24 10:03:30'),
(416, 5, 'Daging Ayam Ras Segar', 2, 2022, 31550, '2023-07-24 10:03:30'),
(417, 5, 'Daging Ayam Ras Segar', 3, 2022, 33750, '2023-07-24 10:03:30'),
(418, 5, 'Daging Ayam Ras Segar', 4, 2022, 36800, '2023-07-24 10:03:30'),
(419, 5, 'Daging Ayam Ras Segar', 5, 2022, 33650, '2023-07-24 10:03:30'),
(420, 5, 'Daging Ayam Ras Segar', 6, 2022, 35350, '2023-07-24 10:03:30'),
(421, 5, 'Daging Ayam Ras Segar', 7, 2022, 38850, '2023-07-24 10:03:30'),
(422, 5, 'Daging Ayam Ras Segar', 8, 2022, 33650, '2023-07-24 10:03:30'),
(423, 5, 'Daging Ayam Ras Segar', 9, 2022, 32350, '2023-07-24 10:03:30'),
(424, 5, 'Daging Ayam Ras Segar', 10, 2022, 29600, '2023-07-24 10:03:30'),
(425, 5, 'Daging Ayam Ras Segar', 11, 2022, 31050, '2023-07-24 10:03:30'),
(426, 5, 'Daging Ayam Ras Segar', 12, 2022, 32550, '2023-07-24 10:03:30'),
(427, 6, 'Daging Sapi Kualitas 1', 1, 2018, 114350, '2023-07-24 10:03:30'),
(428, 6, 'Daging Sapi Kualitas 1', 2, 2018, 114850, '2023-07-24 10:03:30'),
(429, 6, 'Daging Sapi Kualitas 1', 3, 2018, 114850, '2023-07-24 10:03:30'),
(430, 6, 'Daging Sapi Kualitas 1', 4, 2018, 115050, '2023-07-24 10:03:30'),
(431, 6, 'Daging Sapi Kualitas 1', 5, 2018, 115100, '2023-07-24 10:03:30'),
(432, 6, 'Daging Sapi Kualitas 1', 6, 2018, 117400, '2023-07-24 10:03:30'),
(433, 6, 'Daging Sapi Kualitas 1', 7, 2018, 115400, '2023-07-24 10:03:30'),
(434, 6, 'Daging Sapi Kualitas 1', 8, 2018, 116000, '2023-07-24 10:03:30'),
(435, 6, 'Daging Sapi Kualitas 1', 9, 2018, 115950, '2023-07-24 10:03:30'),
(436, 6, 'Daging Sapi Kualitas 1', 10, 2018, 116000, '2023-07-24 10:03:30'),
(437, 6, 'Daging Sapi Kualitas 1', 11, 2018, 116000, '2023-07-24 10:03:30'),
(438, 6, 'Daging Sapi Kualitas 1', 12, 2018, 116650, '2023-07-24 10:03:30'),
(439, 6, 'Daging Sapi Kualitas 1', 1, 2019, 116800, '2023-07-24 10:03:30'),
(440, 6, 'Daging Sapi Kualitas 1', 2, 2019, 116900, '2023-07-24 10:03:30'),
(441, 6, 'Daging Sapi Kualitas 1', 3, 2019, 116950, '2023-07-24 10:03:30'),
(442, 6, 'Daging Sapi Kualitas 1', 4, 2019, 117000, '2023-07-24 10:03:30'),
(443, 6, 'Daging Sapi Kualitas 1', 5, 2019, 117250, '2023-07-24 10:03:30'),
(444, 6, 'Daging Sapi Kualitas 1', 6, 2019, 119700, '2023-07-24 10:03:30'),
(445, 6, 'Daging Sapi Kualitas 1', 7, 2019, 118500, '2023-07-24 10:03:30'),
(446, 6, 'Daging Sapi Kualitas 1', 8, 2019, 118700, '2023-07-24 10:03:30'),
(447, 6, 'Daging Sapi Kualitas 1', 9, 2019, 118600, '2023-07-24 10:03:30'),
(448, 6, 'Daging Sapi Kualitas 1', 10, 2019, 118650, '2023-07-24 10:03:30'),
(449, 6, 'Daging Sapi Kualitas 1', 11, 2019, 118550, '2023-07-24 10:03:30'),
(450, 6, 'Daging Sapi Kualitas 1', 12, 2019, 118550, '2023-07-24 10:03:30'),
(451, 6, 'Daging Sapi Kualitas 1', 1, 2020, 117350, '2023-07-24 10:03:30'),
(452, 6, 'Daging Sapi Kualitas 1', 2, 2020, 116700, '2023-07-24 10:03:30'),
(453, 6, 'Daging Sapi Kualitas 1', 3, 2020, 117200, '2023-07-24 10:03:30'),
(454, 6, 'Daging Sapi Kualitas 1', 4, 2020, 116900, '2023-07-24 10:03:30'),
(455, 6, 'Daging Sapi Kualitas 1', 5, 2020, 117750, '2023-07-24 10:03:30'),
(456, 6, 'Daging Sapi Kualitas 1', 6, 2020, 117200, '2023-07-24 10:03:30'),
(457, 6, 'Daging Sapi Kualitas 1', 7, 2020, 116850, '2023-07-24 10:03:30'),
(458, 6, 'Daging Sapi Kualitas 1', 8, 2020, 116700, '2023-07-24 10:03:30'),
(459, 6, 'Daging Sapi Kualitas 1', 9, 2020, 116600, '2023-07-24 10:03:30'),
(460, 6, 'Daging Sapi Kualitas 1', 10, 2020, 116450, '2023-07-24 10:03:30'),
(461, 6, 'Daging Sapi Kualitas 1', 11, 2020, 117000, '2023-07-24 10:03:30'),
(462, 6, 'Daging Sapi Kualitas 1', 12, 2020, 117000, '2023-07-24 10:03:30'),
(463, 6, 'Daging Sapi Kualitas 1', 1, 2021, 116950, '2023-07-24 10:03:30'),
(464, 6, 'Daging Sapi Kualitas 1', 2, 2021, 116900, '2023-07-24 10:03:30'),
(465, 6, 'Daging Sapi Kualitas 1', 3, 2021, 116800, '2023-07-24 10:03:30'),
(466, 6, 'Daging Sapi Kualitas 1', 4, 2021, 116800, '2023-07-24 10:03:30'),
(467, 6, 'Daging Sapi Kualitas 1', 5, 2021, 119950, '2023-07-24 10:03:30'),
(468, 6, 'Daging Sapi Kualitas 1', 6, 2021, 118000, '2023-07-24 10:03:30'),
(469, 6, 'Daging Sapi Kualitas 1', 7, 2021, 118450, '2023-07-24 10:03:30'),
(470, 6, 'Daging Sapi Kualitas 1', 8, 2021, 118350, '2023-07-24 10:03:30'),
(471, 6, 'Daging Sapi Kualitas 1', 9, 2021, 118450, '2023-07-24 10:03:30'),
(472, 6, 'Daging Sapi Kualitas 1', 10, 2021, 118500, '2023-07-24 10:03:30'),
(473, 6, 'Daging Sapi Kualitas 1', 11, 2021, 118600, '2023-07-24 10:03:30'),
(474, 6, 'Daging Sapi Kualitas 1', 12, 2021, 119400, '2023-07-24 10:03:30'),
(475, 6, 'Daging Sapi Kualitas 1', 1, 2022, 118650, '2023-07-24 10:03:30'),
(476, 6, 'Daging Sapi Kualitas 1', 2, 2022, 118750, '2023-07-24 10:03:30'),
(477, 6, 'Daging Sapi Kualitas 1', 3, 2022, 120100, '2023-07-24 10:03:30'),
(478, 6, 'Daging Sapi Kualitas 1', 4, 2022, 122900, '2023-07-24 10:03:30'),
(479, 6, 'Daging Sapi Kualitas 1', 5, 2022, 119900, '2023-07-24 10:03:30'),
(480, 6, 'Daging Sapi Kualitas 1', 6, 2022, 115200, '2023-07-24 10:03:30'),
(481, 6, 'Daging Sapi Kualitas 1', 7, 2022, 113200, '2023-07-24 10:03:30'),
(482, 6, 'Daging Sapi Kualitas 1', 8, 2022, 113600, '2023-07-24 10:03:30'),
(483, 6, 'Daging Sapi Kualitas 1', 9, 2022, 115650, '2023-07-24 10:03:30'),
(484, 6, 'Daging Sapi Kualitas 1', 10, 2022, 115900, '2023-07-24 10:03:30'),
(485, 6, 'Daging Sapi Kualitas 1', 11, 2022, 115800, '2023-07-24 10:03:30'),
(486, 6, 'Daging Sapi Kualitas 1', 12, 2022, 115750, '2023-07-24 10:03:30'),
(487, 6, 'Daging Sapi Kualitas 2', 1, 2018, 103800, '2023-07-24 10:03:30'),
(488, 6, 'Daging Sapi Kualitas 2', 2, 2018, 104350, '2023-07-24 10:03:30'),
(489, 6, 'Daging Sapi Kualitas 2', 3, 2018, 104300, '2023-07-24 10:03:30'),
(490, 6, 'Daging Sapi Kualitas 2', 4, 2018, 104250, '2023-07-24 10:03:30'),
(491, 6, 'Daging Sapi Kualitas 2', 5, 2018, 104250, '2023-07-24 10:03:30'),
(492, 6, 'Daging Sapi Kualitas 2', 6, 2018, 106500, '2023-07-24 10:03:30'),
(493, 6, 'Daging Sapi Kualitas 2', 7, 2018, 105050, '2023-07-24 10:03:30'),
(494, 6, 'Daging Sapi Kualitas 2', 8, 2018, 105200, '2023-07-24 10:03:30'),
(495, 6, 'Daging Sapi Kualitas 2', 9, 2018, 105050, '2023-07-24 10:03:30'),
(496, 6, 'Daging Sapi Kualitas 2', 10, 2018, 104900, '2023-07-24 10:03:30'),
(497, 6, 'Daging Sapi Kualitas 2', 11, 2018, 105150, '2023-07-24 10:03:30'),
(498, 6, 'Daging Sapi Kualitas 2', 12, 2018, 105000, '2023-07-24 10:03:30'),
(499, 6, 'Daging Sapi Kualitas 2', 1, 2019, 105000, '2023-07-24 10:03:30'),
(500, 6, 'Daging Sapi Kualitas 2', 2, 2019, 105250, '2023-07-24 10:03:30'),
(501, 6, 'Daging Sapi Kualitas 2', 3, 2019, 104900, '2023-07-24 10:03:30'),
(502, 6, 'Daging Sapi Kualitas 2', 4, 2019, 105200, '2023-07-24 10:03:30'),
(503, 6, 'Daging Sapi Kualitas 2', 5, 2019, 105700, '2023-07-24 10:03:30'),
(504, 6, 'Daging Sapi Kualitas 2', 6, 2019, 108350, '2023-07-24 10:03:30'),
(505, 6, 'Daging Sapi Kualitas 2', 7, 2019, 106700, '2023-07-24 10:03:30'),
(506, 6, 'Daging Sapi Kualitas 2', 8, 2019, 107100, '2023-07-24 10:03:30'),
(507, 6, 'Daging Sapi Kualitas 2', 9, 2019, 107250, '2023-07-24 10:03:30'),
(508, 6, 'Daging Sapi Kualitas 2', 10, 2019, 107450, '2023-07-24 10:03:30'),
(509, 6, 'Daging Sapi Kualitas 2', 11, 2019, 107450, '2023-07-24 10:03:30'),
(510, 6, 'Daging Sapi Kualitas 2', 12, 2019, 107450, '2023-07-24 10:03:30'),
(511, 6, 'Daging Sapi Kualitas 2', 1, 2020, 105600, '2023-07-24 10:03:30'),
(512, 6, 'Daging Sapi Kualitas 2', 2, 2020, 104600, '2023-07-24 10:03:30'),
(513, 6, 'Daging Sapi Kualitas 2', 3, 2020, 105450, '2023-07-24 10:03:30'),
(514, 6, 'Daging Sapi Kualitas 2', 4, 2020, 105550, '2023-07-24 10:03:30'),
(515, 6, 'Daging Sapi Kualitas 2', 5, 2020, 106900, '2023-07-24 10:03:30'),
(516, 6, 'Daging Sapi Kualitas 2', 6, 2020, 105850, '2023-07-24 10:03:30'),
(517, 6, 'Daging Sapi Kualitas 2', 7, 2020, 105500, '2023-07-24 10:03:30'),
(518, 6, 'Daging Sapi Kualitas 2', 8, 2020, 105850, '2023-07-24 10:03:30'),
(519, 6, 'Daging Sapi Kualitas 2', 9, 2020, 105250, '2023-07-24 10:03:30'),
(520, 6, 'Daging Sapi Kualitas 2', 10, 2020, 104900, '2023-07-24 10:03:30'),
(521, 6, 'Daging Sapi Kualitas 2', 11, 2020, 105900, '2023-07-24 10:03:30'),
(522, 6, 'Daging Sapi Kualitas 2', 12, 2020, 105850, '2023-07-24 10:03:30'),
(523, 6, 'Daging Sapi Kualitas 2', 1, 2021, 105700, '2023-07-24 10:03:30'),
(524, 6, 'Daging Sapi Kualitas 2', 2, 2021, 105650, '2023-07-24 10:03:30'),
(525, 6, 'Daging Sapi Kualitas 2', 3, 2021, 105450, '2023-07-24 10:03:30'),
(526, 6, 'Daging Sapi Kualitas 2', 4, 2021, 105450, '2023-07-24 10:03:30'),
(527, 6, 'Daging Sapi Kualitas 2', 5, 2021, 108350, '2023-07-24 10:03:30'),
(528, 6, 'Daging Sapi Kualitas 2', 6, 2021, 106500, '2023-07-24 10:03:30'),
(529, 6, 'Daging Sapi Kualitas 2', 7, 2021, 107150, '2023-07-24 10:03:30'),
(530, 6, 'Daging Sapi Kualitas 2', 8, 2021, 107150, '2023-07-24 10:03:30'),
(531, 6, 'Daging Sapi Kualitas 2', 9, 2021, 107200, '2023-07-24 10:03:30'),
(532, 6, 'Daging Sapi Kualitas 2', 10, 2021, 107200, '2023-07-24 10:03:30'),
(533, 6, 'Daging Sapi Kualitas 2', 11, 2021, 108000, '2023-07-24 10:03:30'),
(534, 6, 'Daging Sapi Kualitas 2', 12, 2021, 107800, '2023-07-24 10:03:30'),
(535, 6, 'Daging Sapi Kualitas 2', 1, 2022, 107500, '2023-07-24 10:03:30'),
(536, 6, 'Daging Sapi Kualitas 2', 2, 2022, 107250, '2023-07-24 10:03:30'),
(537, 6, 'Daging Sapi Kualitas 2', 3, 2022, 108750, '2023-07-24 10:03:30'),
(538, 6, 'Daging Sapi Kualitas 2', 4, 2022, 111250, '2023-07-24 10:03:30'),
(539, 6, 'Daging Sapi Kualitas 2', 5, 2022, 109950, '2023-07-24 10:03:30'),
(540, 6, 'Daging Sapi Kualitas 2', 6, 2022, 107550, '2023-07-24 10:03:30'),
(541, 6, 'Daging Sapi Kualitas 2', 7, 2022, 105150, '2023-07-24 10:03:30'),
(542, 6, 'Daging Sapi Kualitas 2', 8, 2022, 105250, '2023-07-24 10:03:30'),
(543, 6, 'Daging Sapi Kualitas 2', 9, 2022, 107900, '2023-07-24 10:03:30'),
(544, 6, 'Daging Sapi Kualitas 2', 10, 2022, 108400, '2023-07-24 10:03:30'),
(545, 6, 'Daging Sapi Kualitas 2', 11, 2022, 108350, '2023-07-24 10:03:30'),
(546, 6, 'Daging Sapi Kualitas 2', 12, 2022, 108350, '2023-07-24 10:03:30'),
(547, 7, 'Telur Ayam Ras Segar', 1, 2018, 21400, '2023-07-24 10:03:30'),
(548, 7, 'Telur Ayam Ras Segar', 2, 2018, 20200, '2023-07-24 10:03:30'),
(549, 7, 'Telur Ayam Ras Segar', 3, 2018, 19850, '2023-07-24 10:03:30'),
(550, 7, 'Telur Ayam Ras Segar', 4, 2018, 21350, '2023-07-24 10:03:30'),
(551, 7, 'Telur Ayam Ras Segar', 5, 2018, 23250, '2023-07-24 10:03:30'),
(552, 7, 'Telur Ayam Ras Segar', 6, 2018, 21300, '2023-07-24 10:03:30'),
(553, 7, 'Telur Ayam Ras Segar', 7, 2018, 24200, '2023-07-24 10:03:30'),
(554, 7, 'Telur Ayam Ras Segar', 8, 2018, 21200, '2023-07-24 10:03:30'),
(555, 7, 'Telur Ayam Ras Segar', 9, 2018, 20050, '2023-07-24 10:03:30'),
(556, 7, 'Telur Ayam Ras Segar', 10, 2018, 19500, '2023-07-24 10:03:30'),
(557, 7, 'Telur Ayam Ras Segar', 11, 2018, 21150, '2023-07-24 10:03:30'),
(558, 7, 'Telur Ayam Ras Segar', 12, 2018, 24500, '2023-07-24 10:03:30'),
(559, 7, 'Telur Ayam Ras Segar', 1, 2019, 22650, '2023-07-24 10:03:30'),
(560, 7, 'Telur Ayam Ras Segar', 2, 2019, 21000, '2023-07-24 10:03:30'),
(561, 7, 'Telur Ayam Ras Segar', 3, 2019, 21000, '2023-07-24 10:03:30'),
(562, 7, 'Telur Ayam Ras Segar', 4, 2019, 22450, '2023-07-24 10:03:30'),
(563, 7, 'Telur Ayam Ras Segar', 5, 2019, 22350, '2023-07-24 10:03:30'),
(564, 7, 'Telur Ayam Ras Segar', 6, 2019, 21400, '2023-07-24 10:03:30'),
(565, 7, 'Telur Ayam Ras Segar', 7, 2019, 21650, '2023-07-24 10:03:30'),
(566, 7, 'Telur Ayam Ras Segar', 8, 2019, 21850, '2023-07-24 10:03:30'),
(567, 7, 'Telur Ayam Ras Segar', 9, 2019, 20400, '2023-07-24 10:03:30'),
(568, 7, 'Telur Ayam Ras Segar', 10, 2019, 19450, '2023-07-24 10:03:30'),
(569, 7, 'Telur Ayam Ras Segar', 11, 2019, 21450, '2023-07-24 10:03:30'),
(570, 7, 'Telur Ayam Ras Segar', 12, 2019, 24050, '2023-07-24 10:03:30'),
(571, 7, 'Telur Ayam Ras Segar', 1, 2020, 22000, '2023-07-24 10:03:30'),
(572, 7, 'Telur Ayam Ras Segar', 2, 2020, 23750, '2023-07-24 10:03:30'),
(573, 7, 'Telur Ayam Ras Segar', 3, 2020, 24550, '2023-07-24 10:03:30'),
(574, 7, 'Telur Ayam Ras Segar', 4, 2020, 22500, '2023-07-24 10:03:30'),
(575, 7, 'Telur Ayam Ras Segar', 5, 2020, 19900, '2023-07-24 10:03:30'),
(576, 7, 'Telur Ayam Ras Segar', 6, 2020, 23000, '2023-07-24 10:03:30'),
(577, 7, 'Telur Ayam Ras Segar', 7, 2020, 24150, '2023-07-24 10:03:30'),
(578, 7, 'Telur Ayam Ras Segar', 8, 2020, 23400, '2023-07-24 10:03:30'),
(579, 7, 'Telur Ayam Ras Segar', 9, 2020, 21000, '2023-07-24 10:03:30'),
(580, 7, 'Telur Ayam Ras Segar', 10, 2020, 21000, '2023-07-24 10:03:30'),
(581, 7, 'Telur Ayam Ras Segar', 11, 2020, 23600, '2023-07-24 10:03:30'),
(582, 7, 'Telur Ayam Ras Segar', 12, 2020, 25650, '2023-07-24 10:03:30'),
(583, 7, 'Telur Ayam Ras Segar', 1, 2021, 21950, '2023-07-24 10:03:30'),
(584, 7, 'Telur Ayam Ras Segar', 2, 2021, 22550, '2023-07-24 10:03:30'),
(585, 7, 'Telur Ayam Ras Segar', 3, 2021, 21950, '2023-07-24 10:03:30'),
(586, 7, 'Telur Ayam Ras Segar', 4, 2021, 23050, '2023-07-24 10:03:30'),
(587, 7, 'Telur Ayam Ras Segar', 5, 2021, 22200, '2023-07-24 10:03:30'),
(588, 7, 'Telur Ayam Ras Segar', 6, 2021, 22750, '2023-07-24 10:03:30'),
(589, 7, 'Telur Ayam Ras Segar', 7, 2021, 22350, '2023-07-24 10:03:30'),
(590, 7, 'Telur Ayam Ras Segar', 8, 2021, 21750, '2023-07-24 10:03:30'),
(591, 7, 'Telur Ayam Ras Segar', 9, 2021, 18850, '2023-07-24 10:03:30'),
(592, 7, 'Telur Ayam Ras Segar', 10, 2021, 18100, '2023-07-24 10:03:30'),
(593, 7, 'Telur Ayam Ras Segar', 11, 2021, 21850, '2023-07-24 10:03:30'),
(594, 7, 'Telur Ayam Ras Segar', 12, 2021, 24100, '2023-07-24 10:03:30'),
(595, 7, 'Telur Ayam Ras Segar', 1, 2022, 21950, '2023-07-24 10:03:30'),
(596, 7, 'Telur Ayam Ras Segar', 2, 2022, 19600, '2023-07-24 10:03:30'),
(597, 7, 'Telur Ayam Ras Segar', 3, 2022, 23200, '2023-07-24 10:03:30'),
(598, 7, 'Telur Ayam Ras Segar', 4, 2022, 23950, '2023-07-24 10:03:30'),
(599, 7, 'Telur Ayam Ras Segar', 5, 2022, 25900, '2023-07-24 10:03:30'),
(600, 7, 'Telur Ayam Ras Segar', 6, 2022, 27000, '2023-07-24 10:03:30'),
(601, 7, 'Telur Ayam Ras Segar', 7, 2022, 27250, '2023-07-24 10:03:30'),
(602, 7, 'Telur Ayam Ras Segar', 8, 2022, 28150, '2023-07-24 10:03:30'),
(603, 7, 'Telur Ayam Ras Segar', 9, 2022, 26100, '2023-07-24 10:03:30'),
(604, 7, 'Telur Ayam Ras Segar', 10, 2022, 24950, '2023-07-24 10:03:30'),
(605, 7, 'Telur Ayam Ras Segar', 11, 2022, 26850, '2023-07-24 10:03:30'),
(606, 7, 'Telur Ayam Ras Segar', 12, 2022, 28550, '2023-07-24 10:03:30'),
(1030, 1, 'Bawang Merah Ukuran Sedang', 1, 2018, 18900, '2023-07-24 10:03:30'),
(1031, 1, 'Bawang Merah Ukuran Sedang', 2, 2018, 19700, '2023-07-24 10:03:30'),
(1032, 1, 'Bawang Merah Ukuran Sedang', 3, 2018, 22850, '2023-07-24 10:03:30'),
(1033, 1, 'Bawang Merah Ukuran Sedang', 4, 2018, 31000, '2023-07-24 10:03:30'),
(1034, 1, 'Bawang Merah Ukuran Sedang', 5, 2018, 29500, '2023-07-24 10:03:30'),
(1035, 1, 'Bawang Merah Ukuran Sedang', 6, 2018, 28150, '2023-07-24 10:03:30'),
(1036, 1, 'Bawang Merah Ukuran Sedang', 7, 2018, 21750, '2023-07-24 10:03:30'),
(1037, 1, 'Bawang Merah Ukuran Sedang', 8, 2018, 19150, '2023-07-24 10:03:30'),
(1038, 1, 'Bawang Merah Ukuran Sedang', 9, 2018, 16450, '2023-07-24 10:03:30'),
(1039, 1, 'Bawang Merah Ukuran Sedang', 10, 2018, 16800, '2023-07-24 10:03:30'),
(1040, 1, 'Bawang Merah Ukuran Sedang', 11, 2018, 21000, '2023-07-24 10:03:30'),
(1041, 1, 'Bawang Merah Ukuran Sedang', 12, 2018, 24900, '2023-07-24 10:03:30'),
(1042, 1, 'Bawang Merah Ukuran Sedang', 1, 2019, 25800, '2023-07-24 10:03:30'),
(1043, 1, 'Bawang Merah Ukuran Sedang', 2, 2019, 20950, '2023-07-24 10:03:30'),
(1044, 1, 'Bawang Merah Ukuran Sedang', 3, 2019, 28000, '2023-07-24 10:03:30'),
(1045, 1, 'Bawang Merah Ukuran Sedang', 4, 2019, 35800, '2023-07-24 10:03:30'),
(1046, 1, 'Bawang Merah Ukuran Sedang', 5, 2019, 27200, '2023-07-24 10:03:30'),
(1047, 1, 'Bawang Merah Ukuran Sedang', 6, 2019, 28500, '2023-07-24 10:03:30'),
(1048, 1, 'Bawang Merah Ukuran Sedang', 7, 2019, 25300, '2023-07-24 10:03:30'),
(1049, 1, 'Bawang Merah Ukuran Sedang', 8, 2019, 19900, '2023-07-24 10:03:30'),
(1050, 1, 'Bawang Merah Ukuran Sedang', 9, 2019, 15350, '2023-07-24 10:03:30'),
(1051, 1, 'Bawang Merah Ukuran Sedang', 10, 2019, 18700, '2023-07-24 10:03:30'),
(1052, 1, 'Bawang Merah Ukuran Sedang', 11, 2019, 24700, '2023-07-24 10:03:30'),
(1053, 1, 'Bawang Merah Ukuran Sedang', 12, 2019, 30950, '2023-07-24 10:03:30'),
(1054, 1, 'Bawang Merah Ukuran Sedang', 1, 2020, 30500, '2023-07-24 10:03:30'),
(1055, 1, 'Bawang Merah Ukuran Sedang', 2, 2020, 28800, '2023-07-24 10:03:30'),
(1056, 1, 'Bawang Merah Ukuran Sedang', 3, 2020, 30150, '2023-07-24 10:03:30'),
(1057, 1, 'Bawang Merah Ukuran Sedang', 4, 2020, 38550, '2023-07-24 10:03:30'),
(1058, 1, 'Bawang Merah Ukuran Sedang', 5, 2020, 46300, '2023-07-24 10:03:30'),
(1059, 1, 'Bawang Merah Ukuran Sedang', 6, 2020, 42250, '2023-07-24 10:03:30'),
(1060, 1, 'Bawang Merah Ukuran Sedang', 7, 2020, 30150, '2023-07-24 10:03:30'),
(1061, 1, 'Bawang Merah Ukuran Sedang', 8, 2020, 24150, '2023-07-24 10:03:30'),
(1062, 1, 'Bawang Merah Ukuran Sedang', 9, 2020, 24500, '2023-07-24 10:03:30'),
(1063, 1, 'Bawang Merah Ukuran Sedang', 10, 2020, 28950, '2023-07-24 10:03:30'),
(1064, 1, 'Bawang Merah Ukuran Sedang', 11, 2020, 33300, '2023-07-24 10:03:30'),
(1065, 1, 'Bawang Merah Ukuran Sedang', 12, 2020, 30750, '2023-07-24 10:03:30'),
(1066, 1, 'Bawang Merah Ukuran Sedang', 1, 2021, 26750, '2023-07-24 10:03:30'),
(1067, 1, 'Bawang Merah Ukuran Sedang', 2, 2021, 27150, '2023-07-24 10:03:30'),
(1068, 1, 'Bawang Merah Ukuran Sedang', 3, 2021, 31150, '2023-07-24 10:03:30'),
(1069, 1, 'Bawang Merah Ukuran Sedang', 4, 2021, 27250, '2023-07-24 10:03:30'),
(1070, 1, 'Bawang Merah Ukuran Sedang', 5, 2021, 27050, '2023-07-24 10:03:30'),
(1071, 1, 'Bawang Merah Ukuran Sedang', 6, 2021, 25850, '2023-07-24 10:03:30'),
(1072, 1, 'Bawang Merah Ukuran Sedang', 7, 2021, 29600, '2023-07-24 10:03:30'),
(1073, 1, 'Bawang Merah Ukuran Sedang', 8, 2021, 27250, '2023-07-24 10:03:30'),
(1074, 1, 'Bawang Merah Ukuran Sedang', 9, 2021, 23050, '2023-07-24 10:03:30'),
(1075, 1, 'Bawang Merah Ukuran Sedang', 10, 2021, 23750, '2023-07-24 10:03:30'),
(1076, 1, 'Bawang Merah Ukuran Sedang', 11, 2021, 21600, '2023-07-24 10:03:30'),
(1077, 1, 'Bawang Merah Ukuran Sedang', 12, 2021, 23000, '2023-07-24 10:03:30'),
(1078, 1, 'Bawang Merah Ukuran Sedang', 1, 2022, 24100, '2023-07-24 10:03:30'),
(1079, 1, 'Bawang Merah Ukuran Sedang', 2, 2022, 31200, '2023-07-24 10:03:30'),
(1080, 1, 'Bawang Merah Ukuran Sedang', 3, 2022, 31450, '2023-07-24 10:03:30'),
(1081, 1, 'Bawang Merah Ukuran Sedang', 4, 2022, 29250, '2023-07-24 10:03:30'),
(1082, 1, 'Bawang Merah Ukuran Sedang', 5, 2022, 35700, '2023-07-24 10:03:30'),
(1083, 1, 'Bawang Merah Ukuran Sedang', 6, 2022, 47050, '2023-07-24 10:03:30'),
(1084, 1, 'Bawang Merah Ukuran Sedang', 7, 2022, 56300, '2023-07-24 10:03:30'),
(1085, 1, 'Bawang Merah Ukuran Sedang', 8, 2022, 30600, '2023-07-24 10:03:30'),
(1086, 1, 'Bawang Merah Ukuran Sedang', 9, 2022, 28550, '2023-07-24 10:03:30'),
(1087, 1, 'Bawang Merah Ukuran Sedang', 10, 2022, 29750, '2023-07-24 10:03:30'),
(1088, 1, 'Bawang Merah Ukuran Sedang', 11, 2022, 32700, '2023-07-24 10:03:30'),
(1089, 1, 'Bawang Merah Ukuran Sedang', 12, 2022, 32950, '2023-07-24 10:03:30'),
(1090, 8, 'Bawang Putih Ukuran Sedang', 1, 2018, 18450, '2023-07-24 10:03:30'),
(1091, 8, 'Bawang Putih Ukuran Sedang', 2, 2018, 25650, '2023-07-24 10:03:30'),
(1092, 8, 'Bawang Putih Ukuran Sedang', 3, 2018, 28750, '2023-07-24 10:03:30'),
(1093, 8, 'Bawang Putih Ukuran Sedang', 4, 2018, 26900, '2023-07-24 10:03:30'),
(1094, 8, 'Bawang Putih Ukuran Sedang', 5, 2018, 19350, '2023-07-24 10:03:30'),
(1095, 8, 'Bawang Putih Ukuran Sedang', 6, 2018, 21100, '2023-07-24 10:03:30'),
(1096, 8, 'Bawang Putih Ukuran Sedang', 7, 2018, 20600, '2023-07-24 10:03:30'),
(1097, 8, 'Bawang Putih Ukuran Sedang', 8, 2018, 20350, '2023-07-24 10:03:30'),
(1098, 8, 'Bawang Putih Ukuran Sedang', 9, 2018, 19100, '2023-07-24 10:03:30'),
(1099, 8, 'Bawang Putih Ukuran Sedang', 10, 2018, 19950, '2023-07-24 10:03:30'),
(1100, 8, 'Bawang Putih Ukuran Sedang', 11, 2018, 18250, '2023-07-24 10:03:30'),
(1101, 8, 'Bawang Putih Ukuran Sedang', 12, 2018, 16500, '2023-07-24 10:03:30'),
(1102, 8, 'Bawang Putih Ukuran Sedang', 1, 2019, 17400, '2023-07-24 10:03:30'),
(1103, 8, 'Bawang Putih Ukuran Sedang', 2, 2019, 20050, '2023-07-24 10:03:30'),
(1104, 8, 'Bawang Putih Ukuran Sedang', 3, 2019, 26850, '2023-07-24 10:03:30');
INSERT INTO `bahan_pangan` (`id`, `kategori_id`, `nama_bahan`, `bulan`, `tahun`, `harga`, `updated_at`) VALUES
(1105, 8, 'Bawang Putih Ukuran Sedang', 4, 2019, 40450, '2023-07-24 10:03:30'),
(1106, 8, 'Bawang Putih Ukuran Sedang', 5, 2019, 37200, '2023-07-24 10:03:30'),
(1107, 8, 'Bawang Putih Ukuran Sedang', 6, 2019, 32850, '2023-07-24 10:03:30'),
(1108, 8, 'Bawang Putih Ukuran Sedang', 7, 2019, 28850, '2023-07-24 10:03:30'),
(1109, 8, 'Bawang Putih Ukuran Sedang', 8, 2019, 26950, '2023-07-24 10:03:30'),
(1110, 8, 'Bawang Putih Ukuran Sedang', 9, 2019, 25900, '2023-07-24 10:03:30'),
(1111, 8, 'Bawang Putih Ukuran Sedang', 10, 2019, 25150, '2023-07-24 10:03:30'),
(1112, 8, 'Bawang Putih Ukuran Sedang', 11, 2019, 25300, '2023-07-24 10:03:30'),
(1113, 8, 'Bawang Putih Ukuran Sedang', 12, 2019, 25050, '2023-07-24 10:03:30'),
(1114, 8, 'Bawang Putih Ukuran Sedang', 1, 2020, 29650, '2023-07-24 10:03:30'),
(1115, 8, 'Bawang Putih Ukuran Sedang', 2, 2020, 44150, '2023-07-24 10:03:30'),
(1116, 8, 'Bawang Putih Ukuran Sedang', 3, 2020, 37850, '2023-07-24 10:03:30'),
(1117, 8, 'Bawang Putih Ukuran Sedang', 4, 2020, 31700, '2023-07-24 10:03:30'),
(1118, 8, 'Bawang Putih Ukuran Sedang', 5, 2020, 22900, '2023-07-24 10:03:30'),
(1119, 8, 'Bawang Putih Ukuran Sedang', 6, 2020, 17050, '2023-07-24 10:03:30'),
(1120, 8, 'Bawang Putih Ukuran Sedang', 7, 2020, 14850, '2023-07-24 10:03:30'),
(1121, 8, 'Bawang Putih Ukuran Sedang', 8, 2020, 17800, '2023-07-24 10:03:30'),
(1122, 8, 'Bawang Putih Ukuran Sedang', 9, 2020, 20950, '2023-07-24 10:03:30'),
(1123, 8, 'Bawang Putih Ukuran Sedang', 10, 2020, 20900, '2023-07-24 10:03:30'),
(1124, 8, 'Bawang Putih Ukuran Sedang', 11, 2020, 22800, '2023-07-24 10:03:30'),
(1125, 8, 'Bawang Putih Ukuran Sedang', 12, 2020, 22150, '2023-07-24 10:03:30'),
(1126, 8, 'Bawang Putih Ukuran Sedang', 1, 2021, 22050, '2023-07-24 10:03:30'),
(1127, 8, 'Bawang Putih Ukuran Sedang', 2, 2021, 23250, '2023-07-24 10:03:30'),
(1128, 8, 'Bawang Putih Ukuran Sedang', 3, 2021, 23700, '2023-07-24 10:03:30'),
(1129, 8, 'Bawang Putih Ukuran Sedang', 4, 2021, 23900, '2023-07-24 10:03:30'),
(1130, 8, 'Bawang Putih Ukuran Sedang', 5, 2021, 24000, '2023-07-24 10:03:30'),
(1131, 8, 'Bawang Putih Ukuran Sedang', 6, 2021, 23350, '2023-07-24 10:03:30'),
(1132, 8, 'Bawang Putih Ukuran Sedang', 7, 2021, 23450, '2023-07-24 10:03:30'),
(1133, 8, 'Bawang Putih Ukuran Sedang', 8, 2021, 23850, '2023-07-24 10:03:30'),
(1134, 8, 'Bawang Putih Ukuran Sedang', 9, 2021, 23200, '2023-07-24 10:03:30'),
(1135, 8, 'Bawang Putih Ukuran Sedang', 10, 2021, 23250, '2023-07-24 10:03:30'),
(1136, 8, 'Bawang Putih Ukuran Sedang', 11, 2021, 22900, '2023-07-24 10:03:30'),
(1137, 8, 'Bawang Putih Ukuran Sedang', 12, 2021, 23100, '2023-07-24 10:03:30'),
(1138, 8, 'Bawang Putih Ukuran Sedang', 1, 2022, 24100, '2023-07-24 10:03:30'),
(1139, 8, 'Bawang Putih Ukuran Sedang', 2, 2022, 24250, '2023-07-24 10:03:30'),
(1140, 8, 'Bawang Putih Ukuran Sedang', 3, 2022, 25600, '2023-07-24 10:03:30'),
(1141, 8, 'Bawang Putih Ukuran Sedang', 4, 2022, 25850, '2023-07-24 10:03:30'),
(1142, 8, 'Bawang Putih Ukuran Sedang', 5, 2022, 22150, '2023-07-24 10:03:30'),
(1143, 8, 'Bawang Putih Ukuran Sedang', 6, 2022, 18650, '2023-07-24 10:03:30'),
(1144, 8, 'Bawang Putih Ukuran Sedang', 7, 2022, 19350, '2023-07-24 10:03:30'),
(1145, 8, 'Bawang Putih Ukuran Sedang', 8, 2022, 19700, '2023-07-24 10:03:30'),
(1146, 8, 'Bawang Putih Ukuran Sedang', 9, 2022, 20000, '2023-07-24 10:03:30'),
(1147, 8, 'Bawang Putih Ukuran Sedang', 10, 2022, 19500, '2023-07-24 10:03:30'),
(1148, 8, 'Bawang Putih Ukuran Sedang', 11, 2022, 18650, '2023-07-24 10:03:30'),
(1149, 8, 'Bawang Putih Ukuran Sedang', 12, 2022, 20650, '2023-07-24 10:03:30'),
(1150, 10, 'Cabai Merah Besar', 1, 2018, 33650, '2023-07-24 10:03:30'),
(1151, 10, 'Cabai Merah Besar', 2, 2018, 32550, '2023-07-24 10:03:30'),
(1152, 10, 'Cabai Merah Besar', 3, 2018, 37750, '2023-07-24 10:03:30'),
(1153, 10, 'Cabai Merah Besar', 4, 2018, 40100, '2023-07-24 10:03:30'),
(1154, 10, 'Cabai Merah Besar', 5, 2018, 28350, '2023-07-24 10:03:30'),
(1155, 10, 'Cabai Merah Besar', 6, 2018, 30600, '2023-07-24 10:03:30'),
(1156, 10, 'Cabai Merah Besar', 7, 2018, 24200, '2023-07-24 10:03:30'),
(1157, 10, 'Cabai Merah Besar', 8, 2018, 18300, '2023-07-24 10:03:30'),
(1158, 10, 'Cabai Merah Besar', 9, 2018, 14400, '2023-07-24 10:03:30'),
(1159, 10, 'Cabai Merah Besar', 10, 2018, 23450, '2023-07-24 10:03:30'),
(1160, 10, 'Cabai Merah Besar', 11, 2018, 19150, '2023-07-24 10:03:30'),
(1161, 10, 'Cabai Merah Besar', 12, 2018, 24200, '2023-07-24 10:03:30'),
(1162, 10, 'Cabai Merah Besar', 1, 2019, 21650, '2023-07-24 10:03:30'),
(1163, 10, 'Cabai Merah Besar', 2, 2019, 15050, '2023-07-24 10:03:30'),
(1164, 10, 'Cabai Merah Besar', 3, 2019, 16500, '2023-07-24 10:03:30'),
(1165, 10, 'Cabai Merah Besar', 4, 2019, 29800, '2023-07-24 10:03:30'),
(1166, 10, 'Cabai Merah Besar', 5, 2019, 32250, '2023-07-24 10:03:30'),
(1167, 10, 'Cabai Merah Besar', 6, 2019, 42000, '2023-07-24 10:03:30'),
(1168, 10, 'Cabai Merah Besar', 7, 2019, 52400, '2023-07-24 10:03:30'),
(1169, 10, 'Cabai Merah Besar', 8, 2019, 41900, '2023-07-24 10:03:30'),
(1170, 10, 'Cabai Merah Besar', 9, 2019, 22700, '2023-07-24 10:03:30'),
(1171, 10, 'Cabai Merah Besar', 10, 2019, 27800, '2023-07-24 10:03:30'),
(1172, 10, 'Cabai Merah Besar', 11, 2019, 20600, '2023-07-24 10:03:30'),
(1173, 10, 'Cabai Merah Besar', 12, 2019, 24700, '2023-07-24 10:03:30'),
(1174, 10, 'Cabai Merah Besar', 1, 2020, 57900, '2023-07-24 10:03:30'),
(1175, 10, 'Cabai Merah Besar', 2, 2020, 58800, '2023-07-24 10:03:30'),
(1176, 10, 'Cabai Merah Besar', 3, 2020, 33000, '2023-07-24 10:03:30'),
(1177, 10, 'Cabai Merah Besar', 4, 2020, 21300, '2023-07-24 10:03:30'),
(1178, 10, 'Cabai Merah Besar', 5, 2020, 17700, '2023-07-24 10:03:30'),
(1179, 10, 'Cabai Merah Besar', 6, 2020, 16750, '2023-07-24 10:03:30'),
(1180, 10, 'Cabai Merah Besar', 7, 2020, 19150, '2023-07-24 10:03:30'),
(1181, 10, 'Cabai Merah Besar', 8, 2020, 18250, '2023-07-24 10:03:30'),
(1182, 10, 'Cabai Merah Besar', 9, 2020, 21750, '2023-07-24 10:03:30'),
(1183, 10, 'Cabai Merah Besar', 10, 2020, 29300, '2023-07-24 10:03:30'),
(1184, 10, 'Cabai Merah Besar', 11, 2020, 30850, '2023-07-24 10:03:30'),
(1185, 10, 'Cabai Merah Besar', 12, 2020, 49850, '2023-07-24 10:03:30'),
(1186, 10, 'Cabai Merah Besar', 1, 2021, 32500, '2023-07-24 10:03:30'),
(1187, 10, 'Cabai Merah Besar', 2, 2021, 40450, '2023-07-24 10:03:30'),
(1188, 10, 'Cabai Merah Besar', 3, 2021, 37500, '2023-07-24 10:03:30'),
(1189, 10, 'Cabai Merah Besar', 4, 2021, 44600, '2023-07-24 10:03:30'),
(1190, 10, 'Cabai Merah Besar', 5, 2021, 32950, '2023-07-24 10:03:30'),
(1191, 10, 'Cabai Merah Besar', 6, 2021, 20300, '2023-07-24 10:03:30'),
(1192, 10, 'Cabai Merah Besar', 7, 2021, 18700, '2023-07-24 10:03:30'),
(1193, 10, 'Cabai Merah Besar', 8, 2021, 15000, '2023-07-24 10:03:30'),
(1194, 10, 'Cabai Merah Besar', 9, 2021, 15500, '2023-07-24 10:03:30'),
(1195, 10, 'Cabai Merah Besar', 10, 2021, 22750, '2023-07-24 10:03:30'),
(1196, 10, 'Cabai Merah Besar', 11, 2021, 27750, '2023-07-24 10:03:30'),
(1197, 10, 'Cabai Merah Besar', 12, 2021, 31400, '2023-07-24 10:03:30'),
(1198, 10, 'Cabai Merah Besar', 1, 2022, 23950, '2023-07-24 10:03:30'),
(1199, 10, 'Cabai Merah Besar', 2, 2022, 28700, '2023-07-24 10:03:30'),
(1200, 10, 'Cabai Merah Besar', 3, 2022, 44350, '2023-07-24 10:03:30'),
(1201, 10, 'Cabai Merah Besar', 4, 2022, 38150, '2023-07-24 10:03:30'),
(1202, 10, 'Cabai Merah Besar', 5, 2022, 43950, '2023-07-24 10:03:30'),
(1203, 10, 'Cabai Merah Besar', 6, 2022, 61200, '2023-07-24 10:03:30'),
(1204, 10, 'Cabai Merah Besar', 7, 2022, 76650, '2023-07-24 10:03:30'),
(1205, 10, 'Cabai Merah Besar', 8, 2022, 54250, '2023-07-24 10:03:30'),
(1206, 10, 'Cabai Merah Besar', 9, 2022, 41150, '2023-07-24 10:03:30'),
(1207, 10, 'Cabai Merah Besar', 10, 2022, 28650, '2023-07-24 10:03:30'),
(1208, 10, 'Cabai Merah Besar', 11, 2022, 20400, '2023-07-24 10:03:30'),
(1209, 10, 'Cabai Merah Besar', 12, 2022, 21950, '2023-07-24 10:03:30'),
(1210, 10, 'Cabai Merah Keriting', 1, 2018, 32450, '2023-07-24 10:03:30'),
(1211, 10, 'Cabai Merah Keriting', 2, 2018, 32950, '2023-07-24 10:03:30'),
(1212, 10, 'Cabai Merah Keriting', 3, 2018, 34950, '2023-07-24 10:03:30'),
(1213, 10, 'Cabai Merah Keriting', 4, 2018, 32400, '2023-07-24 10:03:30'),
(1214, 10, 'Cabai Merah Keriting', 5, 2018, 25200, '2023-07-24 10:03:30'),
(1215, 10, 'Cabai Merah Keriting', 6, 2018, 26350, '2023-07-24 10:03:30'),
(1216, 10, 'Cabai Merah Keriting', 7, 2018, 24450, '2023-07-24 10:03:30'),
(1217, 10, 'Cabai Merah Keriting', 8, 2018, 19950, '2023-07-24 10:03:30'),
(1218, 10, 'Cabai Merah Keriting', 9, 2018, 15750, '2023-07-24 10:03:30'),
(1219, 10, 'Cabai Merah Keriting', 10, 2018, 23200, '2023-07-24 10:03:30'),
(1220, 10, 'Cabai Merah Keriting', 11, 2018, 19900, '2023-07-24 10:03:30'),
(1221, 10, 'Cabai Merah Keriting', 12, 2018, 21600, '2023-07-24 10:03:30'),
(1222, 10, 'Cabai Merah Keriting', 1, 2019, 20400, '2023-07-24 10:03:30'),
(1223, 10, 'Cabai Merah Keriting', 2, 2019, 15450, '2023-07-24 10:03:30'),
(1224, 10, 'Cabai Merah Keriting', 3, 2019, 15850, '2023-07-24 10:03:30'),
(1225, 10, 'Cabai Merah Keriting', 4, 2019, 21400, '2023-07-24 10:03:30'),
(1226, 10, 'Cabai Merah Keriting', 5, 2019, 24950, '2023-07-24 10:03:30'),
(1227, 10, 'Cabai Merah Keriting', 6, 2019, 36500, '2023-07-24 10:03:30'),
(1228, 10, 'Cabai Merah Keriting', 7, 2019, 50000, '2023-07-24 10:03:30'),
(1229, 10, 'Cabai Merah Keriting', 8, 2019, 54850, '2023-07-24 10:03:30'),
(1230, 10, 'Cabai Merah Keriting', 9, 2019, 41950, '2023-07-24 10:03:30'),
(1231, 10, 'Cabai Merah Keriting', 10, 2019, 31750, '2023-07-24 10:03:30'),
(1232, 10, 'Cabai Merah Keriting', 11, 2019, 24650, '2023-07-24 10:03:30'),
(1233, 10, 'Cabai Merah Keriting', 12, 2019, 27450, '2023-07-24 10:03:30'),
(1234, 10, 'Cabai Merah Keriting', 1, 2020, 52650, '2023-07-24 10:03:30'),
(1235, 10, 'Cabai Merah Keriting', 2, 2020, 52350, '2023-07-24 10:03:30'),
(1236, 10, 'Cabai Merah Keriting', 3, 2020, 33400, '2023-07-24 10:03:30'),
(1237, 10, 'Cabai Merah Keriting', 4, 2020, 22500, '2023-07-24 10:03:30'),
(1238, 10, 'Cabai Merah Keriting', 5, 2020, 17600, '2023-07-24 10:03:30'),
(1239, 10, 'Cabai Merah Keriting', 6, 2020, 16250, '2023-07-24 10:03:30'),
(1240, 10, 'Cabai Merah Keriting', 7, 2020, 17100, '2023-07-24 10:03:30'),
(1241, 10, 'Cabai Merah Keriting', 8, 2020, 16900, '2023-07-24 10:03:30'),
(1242, 10, 'Cabai Merah Keriting', 9, 2020, 17550, '2023-07-24 10:03:30'),
(1243, 10, 'Cabai Merah Keriting', 10, 2020, 27350, '2023-07-24 10:03:30'),
(1244, 10, 'Cabai Merah Keriting', 11, 2020, 29000, '2023-07-24 10:03:30'),
(1245, 10, 'Cabai Merah Keriting', 12, 2020, 47250, '2023-07-24 10:03:30'),
(1246, 10, 'Cabai Merah Keriting', 1, 2021, 44250, '2023-07-24 10:03:30'),
(1247, 10, 'Cabai Merah Keriting', 2, 2021, 46650, '2023-07-24 10:03:30'),
(1248, 10, 'Cabai Merah Keriting', 3, 2021, 51800, '2023-07-24 10:03:30'),
(1249, 10, 'Cabai Merah Keriting', 4, 2021, 43300, '2023-07-24 10:03:30'),
(1250, 10, 'Cabai Merah Keriting', 5, 2021, 33000, '2023-07-24 10:03:30'),
(1251, 10, 'Cabai Merah Keriting', 6, 2021, 21300, '2023-07-24 10:03:30'),
(1252, 10, 'Cabai Merah Keriting', 7, 2021, 21800, '2023-07-24 10:03:30'),
(1253, 10, 'Cabai Merah Keriting', 8, 2021, 17150, '2023-07-24 10:03:30'),
(1254, 10, 'Cabai Merah Keriting', 9, 2021, 15900, '2023-07-24 10:03:30'),
(1255, 10, 'Cabai Merah Keriting', 10, 2021, 23300, '2023-07-24 10:03:30'),
(1256, 10, 'Cabai Merah Keriting', 11, 2021, 29700, '2023-07-24 10:03:30'),
(1257, 10, 'Cabai Merah Keriting', 12, 2021, 36450, '2023-07-24 10:03:30'),
(1258, 10, 'Cabai Merah Keriting', 1, 2022, 28200, '2023-07-24 10:03:30'),
(1259, 10, 'Cabai Merah Keriting', 2, 2022, 31350, '2023-07-24 10:03:30'),
(1260, 10, 'Cabai Merah Keriting', 3, 2022, 43250, '2023-07-24 10:03:30'),
(1261, 10, 'Cabai Merah Keriting', 4, 2022, 35800, '2023-07-24 10:03:30'),
(1262, 10, 'Cabai Merah Keriting', 5, 2022, 35700, '2023-07-24 10:03:30'),
(1263, 10, 'Cabai Merah Keriting', 6, 2022, 54650, '2023-07-24 10:03:30'),
(1264, 10, 'Cabai Merah Keriting', 7, 2022, 64950, '2023-07-24 10:03:30'),
(1265, 10, 'Cabai Merah Keriting', 8, 2022, 46050, '2023-07-24 10:03:30'),
(1266, 10, 'Cabai Merah Keriting', 9, 2022, 43950, '2023-07-24 10:03:30'),
(1267, 10, 'Cabai Merah Keriting', 10, 2022, 29050, '2023-07-24 10:03:30'),
(1268, 10, 'Cabai Merah Keriting', 11, 2022, 20300, '2023-07-24 10:03:30'),
(1269, 10, 'Cabai Merah Keriting', 12, 2022, 22100, '2023-07-24 10:03:30'),
(1270, 11, 'Cabai Rawit Hijau', 1, 2018, 22600, '2023-07-24 10:03:30'),
(1271, 11, 'Cabai Rawit Hijau', 2, 2018, 22100, '2023-07-24 10:03:30'),
(1272, 11, 'Cabai Rawit Hijau', 3, 2018, 20000, '2023-07-24 10:03:30'),
(1273, 11, 'Cabai Rawit Hijau', 4, 2018, 16550, '2023-07-24 10:03:30'),
(1274, 11, 'Cabai Rawit Hijau', 5, 2018, 16200, '2023-07-24 10:03:30'),
(1275, 11, 'Cabai Rawit Hijau', 6, 2018, 22450, '2023-07-24 10:03:30'),
(1276, 11, 'Cabai Rawit Hijau', 7, 2018, 25000, '2023-07-24 10:03:30'),
(1277, 11, 'Cabai Rawit Hijau', 8, 2018, 16200, '2023-07-24 10:03:30'),
(1278, 11, 'Cabai Rawit Hijau', 9, 2018, 13050, '2023-07-24 10:03:30'),
(1279, 11, 'Cabai Rawit Hijau', 10, 2018, 17250, '2023-07-24 10:03:30'),
(1280, 11, 'Cabai Rawit Hijau', 11, 2018, 16000, '2023-07-24 10:03:30'),
(1281, 11, 'Cabai Rawit Hijau', 12, 2018, 16750, '2023-07-24 10:03:30'),
(1282, 11, 'Cabai Rawit Hijau', 1, 2019, 15150, '2023-07-24 10:03:30'),
(1283, 11, 'Cabai Rawit Hijau', 2, 2019, 12550, '2023-07-24 10:03:30'),
(1284, 11, 'Cabai Rawit Hijau', 3, 2019, 13400, '2023-07-24 10:03:30'),
(1285, 11, 'Cabai Rawit Hijau', 4, 2019, 13250, '2023-07-24 10:03:30'),
(1286, 11, 'Cabai Rawit Hijau', 5, 2019, 14350, '2023-07-24 10:03:30'),
(1287, 11, 'Cabai Rawit Hijau', 6, 2019, 19450, '2023-07-24 10:03:30'),
(1288, 11, 'Cabai Rawit Hijau', 7, 2019, 46800, '2023-07-24 10:03:30'),
(1289, 11, 'Cabai Rawit Hijau', 8, 2019, 36100, '2023-07-24 10:03:30'),
(1290, 11, 'Cabai Rawit Hijau', 9, 2019, 25000, '2023-07-24 10:03:30'),
(1291, 11, 'Cabai Rawit Hijau', 10, 2019, 22900, '2023-07-24 10:03:30'),
(1292, 11, 'Cabai Rawit Hijau', 11, 2019, 19350, '2023-07-24 10:03:30'),
(1293, 11, 'Cabai Rawit Hijau', 12, 2019, 19600, '2023-07-24 10:03:30'),
(1294, 11, 'Cabai Rawit Hijau', 1, 2020, 31700, '2023-07-24 10:03:30'),
(1295, 11, 'Cabai Rawit Hijau', 2, 2020, 25800, '2023-07-24 10:03:30'),
(1296, 11, 'Cabai Rawit Hijau', 3, 2020, 22550, '2023-07-24 10:03:30'),
(1297, 11, 'Cabai Rawit Hijau', 4, 2020, 17600, '2023-07-24 10:03:30'),
(1298, 11, 'Cabai Rawit Hijau', 5, 2020, 13350, '2023-07-24 10:03:30'),
(1299, 11, 'Cabai Rawit Hijau', 6, 2020, 12450, '2023-07-24 10:03:30'),
(1300, 11, 'Cabai Rawit Hijau', 7, 2020, 14200, '2023-07-24 10:03:30'),
(1301, 11, 'Cabai Rawit Hijau', 8, 2020, 13300, '2023-07-24 10:03:30'),
(1302, 11, 'Cabai Rawit Hijau', 9, 2020, 12200, '2023-07-24 10:03:30'),
(1303, 11, 'Cabai Rawit Hijau', 10, 2020, 11950, '2023-07-24 10:03:30'),
(1304, 11, 'Cabai Rawit Hijau', 11, 2020, 15650, '2023-07-24 10:03:30'),
(1305, 11, 'Cabai Rawit Hijau', 12, 2020, 26050, '2023-07-24 10:03:30'),
(1306, 11, 'Cabai Rawit Hijau', 1, 2021, 41800, '2023-07-24 10:03:30'),
(1307, 11, 'Cabai Rawit Hijau', 2, 2021, 45900, '2023-07-24 10:03:30'),
(1308, 11, 'Cabai Rawit Hijau', 3, 2021, 38200, '2023-07-24 10:03:30'),
(1309, 11, 'Cabai Rawit Hijau', 4, 2021, 26850, '2023-07-24 10:03:30'),
(1310, 11, 'Cabai Rawit Hijau', 5, 2021, 22000, '2023-07-24 10:03:30'),
(1311, 11, 'Cabai Rawit Hijau', 6, 2021, 22450, '2023-07-24 10:03:30'),
(1312, 11, 'Cabai Rawit Hijau', 7, 2021, 24350, '2023-07-24 10:03:30'),
(1313, 11, 'Cabai Rawit Hijau', 8, 2021, 14800, '2023-07-24 10:03:30'),
(1314, 11, 'Cabai Rawit Hijau', 9, 2021, 14100, '2023-07-24 10:03:30'),
(1315, 11, 'Cabai Rawit Hijau', 10, 2021, 16350, '2023-07-24 10:03:30'),
(1316, 11, 'Cabai Rawit Hijau', 11, 2021, 16400, '2023-07-24 10:03:30'),
(1317, 11, 'Cabai Rawit Hijau', 12, 2021, 37200, '2023-07-24 10:03:30'),
(1318, 11, 'Cabai Rawit Hijau', 1, 2022, 28300, '2023-07-24 10:03:30'),
(1319, 11, 'Cabai Rawit Hijau', 2, 2022, 23650, '2023-07-24 10:03:30'),
(1320, 11, 'Cabai Rawit Hijau', 3, 2022, 23550, '2023-07-24 10:03:30'),
(1321, 11, 'Cabai Rawit Hijau', 4, 2022, 20750, '2023-07-24 10:03:30'),
(1322, 11, 'Cabai Rawit Hijau', 5, 2022, 27600, '2023-07-24 10:03:30'),
(1323, 11, 'Cabai Rawit Hijau', 6, 2022, 45100, '2023-07-24 10:03:30'),
(1324, 11, 'Cabai Rawit Hijau', 7, 2022, 39450, '2023-07-24 10:03:30'),
(1325, 11, 'Cabai Rawit Hijau', 8, 2022, 27050, '2023-07-24 10:03:30'),
(1326, 11, 'Cabai Rawit Hijau', 9, 2022, 26300, '2023-07-24 10:03:30'),
(1327, 11, 'Cabai Rawit Hijau', 10, 2022, 19450, '2023-07-24 10:03:30'),
(1328, 11, 'Cabai Rawit Hijau', 11, 2022, 16450, '2023-07-24 10:03:30'),
(1329, 11, 'Cabai Rawit Hijau', 12, 2022, 27750, '2023-07-24 10:03:30'),
(1330, 11, 'Cabai Rawit Merah', 1, 2018, 33350, '2023-07-24 10:03:30'),
(1331, 11, 'Cabai Rawit Merah', 2, 2018, 39550, '2023-07-24 10:03:30'),
(1332, 11, 'Cabai Rawit Merah', 3, 2018, 47100, '2023-07-24 10:03:30'),
(1333, 11, 'Cabai Rawit Merah', 4, 2018, 29650, '2023-07-24 10:03:30'),
(1334, 11, 'Cabai Rawit Merah', 5, 2018, 22650, '2023-07-24 10:03:30'),
(1335, 11, 'Cabai Rawit Merah', 6, 2018, 33400, '2023-07-24 10:03:30'),
(1336, 11, 'Cabai Rawit Merah', 7, 2018, 47000, '2023-07-24 10:03:30'),
(1337, 11, 'Cabai Rawit Merah', 8, 2018, 25450, '2023-07-24 10:03:30'),
(1338, 11, 'Cabai Rawit Merah', 9, 2018, 15500, '2023-07-24 10:03:30'),
(1339, 11, 'Cabai Rawit Merah', 10, 2018, 21350, '2023-07-24 10:03:30'),
(1340, 11, 'Cabai Rawit Merah', 11, 2018, 20100, '2023-07-24 10:03:30'),
(1341, 11, 'Cabai Rawit Merah', 12, 2018, 25950, '2023-07-24 10:03:30'),
(1342, 11, 'Cabai Rawit Merah', 1, 2019, 23900, '2023-07-24 10:03:30'),
(1343, 11, 'Cabai Rawit Merah', 2, 2019, 14550, '2023-07-24 10:03:30'),
(1344, 11, 'Cabai Rawit Merah', 3, 2019, 18400, '2023-07-24 10:03:30'),
(1345, 11, 'Cabai Rawit Merah', 4, 2019, 17500, '2023-07-24 10:03:30'),
(1346, 11, 'Cabai Rawit Merah', 5, 2019, 17600, '2023-07-24 10:03:30'),
(1347, 11, 'Cabai Rawit Merah', 6, 2019, 17950, '2023-07-24 10:03:30'),
(1348, 11, 'Cabai Rawit Merah', 7, 2019, 59650, '2023-07-24 10:03:30'),
(1349, 11, 'Cabai Rawit Merah', 8, 2019, 72200, '2023-07-24 10:03:30'),
(1350, 11, 'Cabai Rawit Merah', 9, 2019, 49750, '2023-07-24 10:03:30'),
(1351, 11, 'Cabai Rawit Merah', 10, 2019, 37250, '2023-07-24 10:03:30'),
(1352, 11, 'Cabai Rawit Merah', 11, 2019, 28800, '2023-07-24 10:03:30'),
(1353, 11, 'Cabai Rawit Merah', 12, 2019, 31300, '2023-07-24 10:03:30'),
(1354, 11, 'Cabai Rawit Merah', 1, 2020, 63100, '2023-07-24 10:03:30'),
(1355, 11, 'Cabai Rawit Merah', 2, 2020, 43450, '2023-07-24 10:03:30'),
(1356, 11, 'Cabai Rawit Merah', 3, 2020, 35900, '2023-07-24 10:03:30'),
(1357, 11, 'Cabai Rawit Merah', 4, 2020, 30300, '2023-07-24 10:03:30'),
(1358, 11, 'Cabai Rawit Merah', 5, 2020, 18200, '2023-07-24 10:03:30'),
(1359, 11, 'Cabai Rawit Merah', 6, 2020, 15300, '2023-07-24 10:03:30'),
(1360, 11, 'Cabai Rawit Merah', 7, 2020, 19400, '2023-07-24 10:03:30'),
(1361, 11, 'Cabai Rawit Merah', 8, 2020, 16450, '2023-07-24 10:03:30'),
(1362, 11, 'Cabai Rawit Merah', 9, 2020, 15100, '2023-07-24 10:03:30'),
(1363, 11, 'Cabai Rawit Merah', 10, 2020, 15450, '2023-07-24 10:03:30'),
(1364, 11, 'Cabai Rawit Merah', 11, 2020, 24900, '2023-07-24 10:03:30'),
(1365, 11, 'Cabai Rawit Merah', 12, 2020, 41300, '2023-07-24 10:03:30'),
(1366, 11, 'Cabai Rawit Merah', 1, 2021, 67400, '2023-07-24 10:03:30'),
(1367, 11, 'Cabai Rawit Merah', 2, 2021, 73650, '2023-07-24 10:03:30'),
(1368, 11, 'Cabai Rawit Merah', 3, 2021, 98150, '2023-07-24 10:03:30'),
(1369, 11, 'Cabai Rawit Merah', 4, 2021, 54500, '2023-07-24 10:03:30'),
(1370, 11, 'Cabai Rawit Merah', 5, 2021, 40350, '2023-07-24 10:03:30'),
(1371, 11, 'Cabai Rawit Merah', 6, 2021, 32900, '2023-07-24 10:03:30'),
(1372, 11, 'Cabai Rawit Merah', 7, 2021, 50800, '2023-07-24 10:03:30'),
(1373, 11, 'Cabai Rawit Merah', 8, 2021, 21050, '2023-07-24 10:03:30'),
(1374, 11, 'Cabai Rawit Merah', 9, 2021, 16450, '2023-07-24 10:03:30'),
(1375, 11, 'Cabai Rawit Merah', 10, 2021, 18800, '2023-07-24 10:03:30'),
(1376, 11, 'Cabai Rawit Merah', 11, 2021, 19150, '2023-07-24 10:03:30'),
(1377, 11, 'Cabai Rawit Merah', 12, 2021, 67650, '2023-07-24 10:03:30'),
(1378, 11, 'Cabai Rawit Merah', 1, 2022, 34950, '2023-07-24 10:03:30'),
(1379, 11, 'Cabai Rawit Merah', 2, 2022, 36150, '2023-07-24 10:03:30'),
(1380, 11, 'Cabai Rawit Merah', 3, 2022, 47150, '2023-07-24 10:03:30'),
(1381, 11, 'Cabai Rawit Merah', 4, 2022, 28800, '2023-07-24 10:03:30'),
(1382, 11, 'Cabai Rawit Merah', 5, 2022, 39000, '2023-07-24 10:03:30'),
(1383, 11, 'Cabai Rawit Merah', 6, 2022, 82950, '2023-07-24 10:03:30'),
(1384, 11, 'Cabai Rawit Merah', 7, 2022, 74150, '2023-07-24 10:03:30'),
(1385, 11, 'Cabai Rawit Merah', 8, 2022, 43350, '2023-07-24 10:03:30'),
(1386, 11, 'Cabai Rawit Merah', 9, 2022, 50800, '2023-07-24 10:03:30'),
(1387, 11, 'Cabai Rawit Merah', 10, 2022, 34500, '2023-07-24 10:03:30'),
(1388, 11, 'Cabai Rawit Merah', 11, 2022, 25550, '2023-07-24 10:03:30'),
(1389, 11, 'Cabai Rawit Merah', 12, 2022, 35200, '2023-07-24 10:03:30'),
(1390, 12, 'Minyak Goreng Curah', 1, 2018, 11150, '2023-07-24 10:03:30'),
(1391, 12, 'Minyak Goreng Curah', 2, 2018, 10950, '2023-07-24 10:03:30'),
(1392, 12, 'Minyak Goreng Curah', 3, 2018, 11000, '2023-07-24 10:03:30'),
(1393, 12, 'Minyak Goreng Curah', 4, 2018, 10950, '2023-07-24 10:03:30'),
(1394, 12, 'Minyak Goreng Curah', 5, 2018, 10950, '2023-07-24 10:03:30'),
(1395, 12, 'Minyak Goreng Curah', 6, 2018, 10950, '2023-07-24 10:03:30'),
(1396, 12, 'Minyak Goreng Curah', 7, 2018, 10650, '2023-07-24 10:03:30'),
(1397, 12, 'Minyak Goreng Curah', 8, 2018, 10350, '2023-07-24 10:03:30'),
(1398, 12, 'Minyak Goreng Curah', 9, 2018, 10200, '2023-07-24 10:03:30'),
(1399, 12, 'Minyak Goreng Curah', 10, 2018, 10100, '2023-07-24 10:03:30'),
(1400, 12, 'Minyak Goreng Curah', 11, 2018, 10000, '2023-07-24 10:03:30'),
(1401, 12, 'Minyak Goreng Curah', 12, 2018, 9800, '2023-07-24 10:03:30'),
(1402, 12, 'Minyak Goreng Curah', 1, 2019, 9850, '2023-07-24 10:03:30'),
(1403, 12, 'Minyak Goreng Curah', 2, 2019, 10050, '2023-07-24 10:03:30'),
(1404, 12, 'Minyak Goreng Curah', 3, 2019, 10050, '2023-07-24 10:03:30'),
(1405, 12, 'Minyak Goreng Curah', 4, 2019, 10100, '2023-07-24 10:03:30'),
(1406, 12, 'Minyak Goreng Curah', 5, 2019, 10200, '2023-07-24 10:03:30'),
(1407, 12, 'Minyak Goreng Curah', 6, 2019, 10150, '2023-07-24 10:03:30'),
(1408, 12, 'Minyak Goreng Curah', 7, 2019, 9950, '2023-07-24 10:03:30'),
(1409, 12, 'Minyak Goreng Curah', 8, 2019, 10150, '2023-07-24 10:03:30'),
(1410, 12, 'Minyak Goreng Curah', 9, 2019, 10250, '2023-07-24 10:03:30'),
(1411, 12, 'Minyak Goreng Curah', 10, 2019, 10150, '2023-07-24 10:03:30'),
(1412, 12, 'Minyak Goreng Curah', 11, 2019, 10750, '2023-07-24 10:03:30'),
(1413, 12, 'Minyak Goreng Curah', 12, 2019, 11300, '2023-07-24 10:03:30'),
(1414, 12, 'Minyak Goreng Curah', 1, 2020, 12300, '2023-07-24 10:03:30'),
(1415, 12, 'Minyak Goreng Curah', 2, 2020, 12000, '2023-07-24 10:03:30'),
(1416, 12, 'Minyak Goreng Curah', 3, 2020, 11400, '2023-07-24 10:03:30'),
(1417, 12, 'Minyak Goreng Curah', 4, 2020, 11750, '2023-07-24 10:03:30'),
(1418, 12, 'Minyak Goreng Curah', 5, 2020, 11150, '2023-07-24 10:03:30'),
(1419, 12, 'Minyak Goreng Curah', 6, 2020, 11050, '2023-07-24 10:03:30'),
(1420, 12, 'Minyak Goreng Curah', 7, 2020, 11400, '2023-07-24 10:03:30'),
(1421, 12, 'Minyak Goreng Curah', 8, 2020, 12250, '2023-07-24 10:03:30'),
(1422, 12, 'Minyak Goreng Curah', 9, 2020, 12850, '2023-07-24 10:03:30'),
(1423, 12, 'Minyak Goreng Curah', 10, 2020, 12900, '2023-07-24 10:03:30'),
(1424, 12, 'Minyak Goreng Curah', 11, 2020, 13400, '2023-07-24 10:03:30'),
(1425, 12, 'Minyak Goreng Curah', 12, 2020, 13450, '2023-07-24 10:03:30'),
(1426, 12, 'Minyak Goreng Curah', 1, 2021, 13400, '2023-07-24 10:03:30'),
(1427, 12, 'Minyak Goreng Curah', 2, 2021, 12950, '2023-07-24 10:03:30'),
(1428, 12, 'Minyak Goreng Curah', 3, 2021, 13300, '2023-07-24 10:03:30'),
(1429, 12, 'Minyak Goreng Curah', 4, 2021, 13850, '2023-07-24 10:03:30'),
(1430, 12, 'Minyak Goreng Curah', 5, 2021, 14450, '2023-07-24 10:03:30'),
(1431, 12, 'Minyak Goreng Curah', 6, 2021, 14100, '2023-07-24 10:03:30'),
(1432, 12, 'Minyak Goreng Curah', 7, 2021, 14200, '2023-07-24 10:03:30'),
(1433, 12, 'Minyak Goreng Curah', 8, 2021, 15300, '2023-07-24 10:03:30'),
(1434, 12, 'Minyak Goreng Curah', 9, 2021, 15450, '2023-07-24 10:03:30'),
(1435, 12, 'Minyak Goreng Curah', 10, 2021, 16550, '2023-07-24 10:03:30'),
(1436, 12, 'Minyak Goreng Curah', 11, 2021, 18650, '2023-07-24 10:03:30'),
(1437, 12, 'Minyak Goreng Curah', 12, 2021, 19050, '2023-07-24 10:03:30'),
(1438, 12, 'Minyak Goreng Curah', 1, 2022, 19450, '2023-07-24 10:03:30'),
(1439, 12, 'Minyak Goreng Curah', 2, 2022, 17050, '2023-07-24 10:03:30'),
(1440, 12, 'Minyak Goreng Curah', 3, 2022, 17750, '2023-07-24 10:03:30'),
(1441, 12, 'Minyak Goreng Curah', 4, 2022, 19400, '2023-07-24 10:03:30'),
(1442, 12, 'Minyak Goreng Curah', 5, 2022, 16600, '2023-07-24 10:03:30'),
(1443, 12, 'Minyak Goreng Curah', 6, 2022, 15100, '2023-07-24 10:03:30'),
(1444, 12, 'Minyak Goreng Curah', 7, 2022, 14100, '2023-07-24 10:03:30'),
(1445, 12, 'Minyak Goreng Curah', 8, 2022, 13850, '2023-07-24 10:03:30'),
(1446, 12, 'Minyak Goreng Curah', 9, 2022, 13650, '2023-07-24 10:03:30'),
(1447, 12, 'Minyak Goreng Curah', 10, 2022, 14100, '2023-07-24 10:03:30'),
(1448, 12, 'Minyak Goreng Curah', 11, 2022, 15250, '2023-07-24 10:03:30'),
(1449, 12, 'Minyak Goreng Curah', 12, 2022, 16300, '2023-07-24 10:03:30'),
(1450, 12, 'Minyak Goreng Kemasan Bermerk 1', 1, 2018, 13550, '2023-07-24 10:03:30'),
(1451, 12, 'Minyak Goreng Kemasan Bermerk 1', 2, 2018, 13550, '2023-07-24 10:03:30'),
(1452, 12, 'Minyak Goreng Kemasan Bermerk 1', 3, 2018, 13500, '2023-07-24 10:03:30'),
(1453, 12, 'Minyak Goreng Kemasan Bermerk 1', 4, 2018, 13400, '2023-07-24 10:03:30'),
(1454, 12, 'Minyak Goreng Kemasan Bermerk 1', 5, 2018, 13350, '2023-07-24 10:03:30'),
(1455, 12, 'Minyak Goreng Kemasan Bermerk 1', 6, 2018, 13250, '2023-07-24 10:03:30'),
(1456, 12, 'Minyak Goreng Kemasan Bermerk 1', 7, 2018, 13200, '2023-07-24 10:03:30'),
(1457, 12, 'Minyak Goreng Kemasan Bermerk 1', 8, 2018, 13150, '2023-07-24 10:03:30'),
(1458, 12, 'Minyak Goreng Kemasan Bermerk 1', 9, 2018, 13100, '2023-07-24 10:03:30'),
(1459, 12, 'Minyak Goreng Kemasan Bermerk 1', 10, 2018, 13100, '2023-07-24 10:03:30'),
(1460, 12, 'Minyak Goreng Kemasan Bermerk 1', 11, 2018, 13050, '2023-07-24 10:03:30'),
(1461, 12, 'Minyak Goreng Kemasan Bermerk 1', 12, 2018, 12950, '2023-07-24 10:03:30'),
(1462, 12, 'Minyak Goreng Kemasan Bermerk 1', 1, 2019, 12950, '2023-07-24 10:03:30'),
(1463, 12, 'Minyak Goreng Kemasan Bermerk 1', 2, 2019, 12900, '2023-07-24 10:03:30'),
(1464, 12, 'Minyak Goreng Kemasan Bermerk 1', 3, 2019, 12900, '2023-07-24 10:03:30'),
(1465, 12, 'Minyak Goreng Kemasan Bermerk 1', 4, 2019, 12900, '2023-07-24 10:03:30'),
(1466, 12, 'Minyak Goreng Kemasan Bermerk 1', 5, 2019, 12900, '2023-07-24 10:03:30'),
(1467, 12, 'Minyak Goreng Kemasan Bermerk 1', 6, 2019, 12900, '2023-07-24 10:03:30'),
(1468, 12, 'Minyak Goreng Kemasan Bermerk 1', 7, 2019, 12850, '2023-07-24 10:03:30'),
(1469, 12, 'Minyak Goreng Kemasan Bermerk 1', 8, 2019, 12700, '2023-07-24 10:03:30'),
(1470, 12, 'Minyak Goreng Kemasan Bermerk 1', 9, 2019, 12650, '2023-07-24 10:03:30'),
(1471, 12, 'Minyak Goreng Kemasan Bermerk 1', 10, 2019, 12650, '2023-07-24 10:03:30'),
(1472, 12, 'Minyak Goreng Kemasan Bermerk 1', 11, 2019, 12650, '2023-07-24 10:03:30'),
(1473, 12, 'Minyak Goreng Kemasan Bermerk 1', 12, 2019, 12950, '2023-07-24 10:03:30'),
(1474, 12, 'Minyak Goreng Kemasan Bermerk 1', 1, 2020, 13300, '2023-07-24 10:03:30'),
(1475, 12, 'Minyak Goreng Kemasan Bermerk 1', 2, 2020, 13300, '2023-07-24 10:03:30'),
(1476, 12, 'Minyak Goreng Kemasan Bermerk 1', 3, 2020, 13250, '2023-07-24 10:03:30'),
(1477, 12, 'Minyak Goreng Kemasan Bermerk 1', 4, 2020, 13250, '2023-07-24 10:03:30'),
(1478, 12, 'Minyak Goreng Kemasan Bermerk 1', 5, 2020, 13250, '2023-07-24 10:03:30'),
(1479, 12, 'Minyak Goreng Kemasan Bermerk 1', 6, 2020, 13300, '2023-07-24 10:03:30'),
(1480, 12, 'Minyak Goreng Kemasan Bermerk 1', 7, 2020, 13250, '2023-07-24 10:03:30'),
(1481, 12, 'Minyak Goreng Kemasan Bermerk 1', 8, 2020, 13400, '2023-07-24 10:03:30'),
(1482, 12, 'Minyak Goreng Kemasan Bermerk 1', 9, 2020, 13600, '2023-07-24 10:03:30'),
(1483, 12, 'Minyak Goreng Kemasan Bermerk 1', 10, 2020, 13700, '2023-07-24 10:03:30'),
(1484, 12, 'Minyak Goreng Kemasan Bermerk 1', 11, 2020, 13900, '2023-07-24 10:03:30'),
(1485, 12, 'Minyak Goreng Kemasan Bermerk 1', 12, 2020, 14000, '2023-07-24 10:03:30'),
(1486, 12, 'Minyak Goreng Kemasan Bermerk 1', 1, 2021, 14050, '2023-07-24 10:03:30'),
(1487, 12, 'Minyak Goreng Kemasan Bermerk 1', 2, 2021, 14100, '2023-07-24 10:03:30'),
(1488, 12, 'Minyak Goreng Kemasan Bermerk 1', 3, 2021, 14300, '2023-07-24 10:03:30'),
(1489, 12, 'Minyak Goreng Kemasan Bermerk 1', 4, 2021, 14400, '2023-07-24 10:03:30'),
(1490, 12, 'Minyak Goreng Kemasan Bermerk 1', 5, 2021, 14800, '2023-07-24 10:03:30'),
(1491, 12, 'Minyak Goreng Kemasan Bermerk 1', 6, 2021, 14850, '2023-07-24 10:03:30'),
(1492, 12, 'Minyak Goreng Kemasan Bermerk 1', 7, 2021, 15000, '2023-07-24 10:03:30'),
(1493, 12, 'Minyak Goreng Kemasan Bermerk 1', 8, 2021, 15200, '2023-07-24 10:03:30'),
(1494, 12, 'Minyak Goreng Kemasan Bermerk 1', 9, 2021, 15300, '2023-07-24 10:03:30'),
(1495, 12, 'Minyak Goreng Kemasan Bermerk 1', 10, 2021, 16300, '2023-07-24 10:03:30'),
(1496, 12, 'Minyak Goreng Kemasan Bermerk 1', 11, 2021, 17800, '2023-07-24 10:03:30'),
(1497, 12, 'Minyak Goreng Kemasan Bermerk 1', 12, 2021, 19050, '2023-07-24 10:03:30'),
(1498, 12, 'Minyak Goreng Kemasan Bermerk 1', 1, 2022, 19900, '2023-07-24 10:03:30'),
(1499, 12, 'Minyak Goreng Kemasan Bermerk 1', 2, 2022, 17800, '2023-07-24 10:03:30'),
(1500, 12, 'Minyak Goreng Kemasan Bermerk 1', 3, 2022, 20000, '2023-07-24 10:03:30'),
(1501, 12, 'Minyak Goreng Kemasan Bermerk 1', 4, 2022, 24650, '2023-07-24 10:03:30'),
(1502, 12, 'Minyak Goreng Kemasan Bermerk 1', 5, 2022, 23800, '2023-07-24 10:03:30'),
(1503, 12, 'Minyak Goreng Kemasan Bermerk 1', 6, 2022, 23200, '2023-07-24 10:03:30'),
(1504, 12, 'Minyak Goreng Kemasan Bermerk 1', 7, 2022, 21700, '2023-07-24 10:03:30'),
(1505, 12, 'Minyak Goreng Kemasan Bermerk 1', 8, 2022, 19700, '2023-07-24 10:03:30'),
(1506, 12, 'Minyak Goreng Kemasan Bermerk 1', 9, 2022, 19200, '2023-07-24 10:03:30'),
(1507, 12, 'Minyak Goreng Kemasan Bermerk 1', 10, 2022, 19000, '2023-07-24 10:03:30'),
(1508, 12, 'Minyak Goreng Kemasan Bermerk 1', 11, 2022, 19100, '2023-07-24 10:03:30'),
(1509, 12, 'Minyak Goreng Kemasan Bermerk 1', 12, 2022, 19100, '2023-07-24 10:03:30'),
(1510, 12, 'Minyak Goreng Kemasan Bermerk 2', 1, 2018, 13600, '2023-07-24 10:03:30'),
(1511, 12, 'Minyak Goreng Kemasan Bermerk 2', 2, 2018, 13550, '2023-07-24 10:03:30'),
(1512, 12, 'Minyak Goreng Kemasan Bermerk 2', 3, 2018, 13550, '2023-07-24 10:03:30'),
(1513, 12, 'Minyak Goreng Kemasan Bermerk 2', 4, 2018, 13350, '2023-07-24 10:03:30'),
(1514, 12, 'Minyak Goreng Kemasan Bermerk 2', 5, 2018, 13300, '2023-07-24 10:03:30'),
(1515, 12, 'Minyak Goreng Kemasan Bermerk 2', 6, 2018, 13250, '2023-07-24 10:03:30'),
(1516, 12, 'Minyak Goreng Kemasan Bermerk 2', 7, 2018, 13150, '2023-07-24 10:03:30'),
(1517, 12, 'Minyak Goreng Kemasan Bermerk 2', 8, 2018, 13100, '2023-07-24 10:03:30'),
(1518, 12, 'Minyak Goreng Kemasan Bermerk 2', 9, 2018, 13000, '2023-07-24 10:03:30'),
(1519, 12, 'Minyak Goreng Kemasan Bermerk 2', 10, 2018, 12950, '2023-07-24 10:03:30'),
(1520, 12, 'Minyak Goreng Kemasan Bermerk 2', 11, 2018, 12900, '2023-07-24 10:03:30'),
(1521, 12, 'Minyak Goreng Kemasan Bermerk 2', 12, 2018, 12850, '2023-07-24 10:03:30'),
(1522, 12, 'Minyak Goreng Kemasan Bermerk 2', 1, 2019, 12800, '2023-07-24 10:03:30'),
(1523, 12, 'Minyak Goreng Kemasan Bermerk 2', 2, 2019, 12850, '2023-07-24 10:03:30'),
(1524, 12, 'Minyak Goreng Kemasan Bermerk 2', 3, 2019, 12900, '2023-07-24 10:03:30'),
(1525, 12, 'Minyak Goreng Kemasan Bermerk 2', 4, 2019, 12900, '2023-07-24 10:03:30'),
(1526, 12, 'Minyak Goreng Kemasan Bermerk 2', 5, 2019, 12850, '2023-07-24 10:03:30'),
(1527, 12, 'Minyak Goreng Kemasan Bermerk 2', 6, 2019, 12850, '2023-07-24 10:03:30'),
(1528, 12, 'Minyak Goreng Kemasan Bermerk 2', 7, 2019, 12850, '2023-07-24 10:03:30'),
(1529, 12, 'Minyak Goreng Kemasan Bermerk 2', 8, 2019, 12750, '2023-07-24 10:03:30'),
(1530, 12, 'Minyak Goreng Kemasan Bermerk 2', 9, 2019, 12600, '2023-07-24 10:03:30'),
(1531, 12, 'Minyak Goreng Kemasan Bermerk 2', 10, 2019, 12600, '2023-07-24 10:03:30'),
(1532, 12, 'Minyak Goreng Kemasan Bermerk 2', 11, 2019, 12600, '2023-07-24 10:03:30'),
(1533, 12, 'Minyak Goreng Kemasan Bermerk 2', 12, 2019, 12800, '2023-07-24 10:03:30'),
(1534, 12, 'Minyak Goreng Kemasan Bermerk 2', 1, 2020, 12950, '2023-07-24 10:03:30'),
(1535, 12, 'Minyak Goreng Kemasan Bermerk 2', 2, 2020, 13050, '2023-07-24 10:03:30'),
(1536, 12, 'Minyak Goreng Kemasan Bermerk 2', 3, 2020, 13050, '2023-07-24 10:03:30'),
(1537, 12, 'Minyak Goreng Kemasan Bermerk 2', 4, 2020, 13050, '2023-07-24 10:03:30'),
(1538, 12, 'Minyak Goreng Kemasan Bermerk 2', 5, 2020, 13000, '2023-07-24 10:03:30'),
(1539, 12, 'Minyak Goreng Kemasan Bermerk 2', 6, 2020, 13000, '2023-07-24 10:03:30'),
(1540, 12, 'Minyak Goreng Kemasan Bermerk 2', 7, 2020, 13000, '2023-07-24 10:03:30'),
(1541, 12, 'Minyak Goreng Kemasan Bermerk 2', 8, 2020, 13150, '2023-07-24 10:03:30'),
(1542, 12, 'Minyak Goreng Kemasan Bermerk 2', 9, 2020, 13350, '2023-07-24 10:03:30'),
(1543, 12, 'Minyak Goreng Kemasan Bermerk 2', 10, 2020, 13450, '2023-07-24 10:03:30'),
(1544, 12, 'Minyak Goreng Kemasan Bermerk 2', 11, 2020, 13600, '2023-07-24 10:03:30'),
(1545, 12, 'Minyak Goreng Kemasan Bermerk 2', 12, 2020, 13750, '2023-07-24 10:03:30'),
(1546, 12, 'Minyak Goreng Kemasan Bermerk 2', 1, 2021, 13750, '2023-07-24 10:03:30'),
(1547, 12, 'Minyak Goreng Kemasan Bermerk 2', 2, 2021, 13800, '2023-07-24 10:03:30'),
(1548, 12, 'Minyak Goreng Kemasan Bermerk 2', 3, 2021, 14000, '2023-07-24 10:03:30'),
(1549, 12, 'Minyak Goreng Kemasan Bermerk 2', 4, 2021, 14200, '2023-07-24 10:03:30'),
(1550, 12, 'Minyak Goreng Kemasan Bermerk 2', 5, 2021, 14700, '2023-07-24 10:03:30'),
(1551, 12, 'Minyak Goreng Kemasan Bermerk 2', 6, 2021, 14800, '2023-07-24 10:03:30'),
(1552, 12, 'Minyak Goreng Kemasan Bermerk 2', 7, 2021, 14800, '2023-07-24 10:03:30'),
(1553, 12, 'Minyak Goreng Kemasan Bermerk 2', 8, 2021, 15100, '2023-07-24 10:03:30'),
(1554, 12, 'Minyak Goreng Kemasan Bermerk 2', 9, 2021, 15250, '2023-07-24 10:03:30'),
(1555, 12, 'Minyak Goreng Kemasan Bermerk 2', 10, 2021, 16250, '2023-07-24 10:03:30'),
(1556, 12, 'Minyak Goreng Kemasan Bermerk 2', 11, 2021, 17700, '2023-07-24 10:03:30'),
(1557, 12, 'Minyak Goreng Kemasan Bermerk 2', 12, 2021, 18800, '2023-07-24 10:03:30'),
(1558, 12, 'Minyak Goreng Kemasan Bermerk 2', 1, 2022, 19450, '2023-07-24 10:03:30'),
(1559, 12, 'Minyak Goreng Kemasan Bermerk 2', 2, 2022, 17650, '2023-07-24 10:03:30'),
(1560, 12, 'Minyak Goreng Kemasan Bermerk 2', 3, 2022, 20050, '2023-07-24 10:03:30'),
(1561, 12, 'Minyak Goreng Kemasan Bermerk 2', 4, 2022, 24550, '2023-07-24 10:03:30'),
(1562, 12, 'Minyak Goreng Kemasan Bermerk 2', 5, 2022, 23100, '2023-07-24 10:03:30'),
(1563, 12, 'Minyak Goreng Kemasan Bermerk 2', 6, 2022, 21800, '2023-07-24 10:03:30'),
(1564, 12, 'Minyak Goreng Kemasan Bermerk 2', 7, 2022, 20350, '2023-07-24 10:03:30'),
(1565, 12, 'Minyak Goreng Kemasan Bermerk 2', 8, 2022, 18550, '2023-07-24 10:03:30'),
(1566, 12, 'Minyak Goreng Kemasan Bermerk 2', 9, 2022, 17550, '2023-07-24 10:03:30'),
(1567, 12, 'Minyak Goreng Kemasan Bermerk 2', 10, 2022, 17250, '2023-07-24 10:03:30'),
(1568, 12, 'Minyak Goreng Kemasan Bermerk 2', 11, 2022, 17050, '2023-07-24 10:03:30'),
(1569, 12, 'Minyak Goreng Kemasan Bermerk 2', 12, 2022, 17500, '2023-07-24 10:03:30'),
(1570, 13, 'Gula Pasir Kualitas Premium', 1, 2018, 15650, '2023-07-24 10:03:30'),
(1571, 13, 'Gula Pasir Kualitas Premium', 2, 2018, 15550, '2023-07-24 10:03:30'),
(1572, 13, 'Gula Pasir Kualitas Premium', 3, 2018, 15550, '2023-07-24 10:03:30'),
(1573, 13, 'Gula Pasir Kualitas Premium', 4, 2018, 15250, '2023-07-24 10:03:30'),
(1574, 13, 'Gula Pasir Kualitas Premium', 5, 2018, 15100, '2023-07-24 10:03:30'),
(1575, 13, 'Gula Pasir Kualitas Premium', 6, 2018, 14600, '2023-07-24 10:03:30'),
(1576, 13, 'Gula Pasir Kualitas Premium', 7, 2018, 14450, '2023-07-24 10:03:30'),
(1577, 13, 'Gula Pasir Kualitas Premium', 8, 2018, 14200, '2023-07-24 10:03:30'),
(1578, 13, 'Gula Pasir Kualitas Premium', 9, 2018, 14050, '2023-07-24 10:03:30'),
(1579, 13, 'Gula Pasir Kualitas Premium', 10, 2018, 13950, '2023-07-24 10:03:30'),
(1580, 13, 'Gula Pasir Kualitas Premium', 11, 2018, 13900, '2023-07-24 10:03:30'),
(1581, 13, 'Gula Pasir Kualitas Premium', 12, 2018, 13800, '2023-07-24 10:03:30'),
(1582, 13, 'Gula Pasir Kualitas Premium', 1, 2019, 13500, '2023-07-24 10:03:30'),
(1583, 13, 'Gula Pasir Kualitas Premium', 2, 2019, 13550, '2023-07-24 10:03:30'),
(1584, 13, 'Gula Pasir Kualitas Premium', 3, 2019, 13600, '2023-07-24 10:03:30'),
(1585, 13, 'Gula Pasir Kualitas Premium', 4, 2019, 13700, '2023-07-24 10:03:30'),
(1586, 13, 'Gula Pasir Kualitas Premium', 5, 2019, 13700, '2023-07-24 10:03:30'),
(1587, 13, 'Gula Pasir Kualitas Premium', 6, 2019, 13650, '2023-07-24 10:03:30'),
(1588, 13, 'Gula Pasir Kualitas Premium', 7, 2019, 13700, '2023-07-24 10:03:30'),
(1589, 13, 'Gula Pasir Kualitas Premium', 8, 2019, 13600, '2023-07-24 10:03:30'),
(1590, 13, 'Gula Pasir Kualitas Premium', 9, 2019, 13600, '2023-07-24 10:03:30'),
(1591, 13, 'Gula Pasir Kualitas Premium', 10, 2019, 13600, '2023-07-24 10:03:30'),
(1592, 13, 'Gula Pasir Kualitas Premium', 11, 2019, 13600, '2023-07-24 10:03:30'),
(1593, 13, 'Gula Pasir Kualitas Premium', 12, 2019, 13600, '2023-07-24 10:03:30'),
(1594, 13, 'Gula Pasir Kualitas Premium', 1, 2020, 14100, '2023-07-24 10:03:30'),
(1595, 13, 'Gula Pasir Kualitas Premium', 2, 2020, 14350, '2023-07-24 10:03:30'),
(1596, 13, 'Gula Pasir Kualitas Premium', 3, 2020, 17150, '2023-07-24 10:03:30'),
(1597, 13, 'Gula Pasir Kualitas Premium', 4, 2020, 18950, '2023-07-24 10:03:30'),
(1598, 13, 'Gula Pasir Kualitas Premium', 5, 2020, 18250, '2023-07-24 10:03:30'),
(1599, 13, 'Gula Pasir Kualitas Premium', 6, 2020, 17100, '2023-07-24 10:03:30'),
(1600, 13, 'Gula Pasir Kualitas Premium', 7, 2020, 15900, '2023-07-24 10:03:30'),
(1601, 13, 'Gula Pasir Kualitas Premium', 8, 2020, 15750, '2023-07-24 10:03:30'),
(1602, 13, 'Gula Pasir Kualitas Premium', 9, 2020, 15500, '2023-07-24 10:03:30'),
(1603, 13, 'Gula Pasir Kualitas Premium', 10, 2020, 15200, '2023-07-24 10:03:30'),
(1604, 13, 'Gula Pasir Kualitas Premium', 11, 2020, 15100, '2023-07-24 10:03:30'),
(1605, 13, 'Gula Pasir Kualitas Premium', 12, 2020, 14900, '2023-07-24 10:03:30'),
(1606, 13, 'Gula Pasir Kualitas Premium', 1, 2021, 14750, '2023-07-24 10:03:30'),
(1607, 13, 'Gula Pasir Kualitas Premium', 2, 2021, 14550, '2023-07-24 10:03:30'),
(1608, 13, 'Gula Pasir Kualitas Premium', 3, 2021, 14450, '2023-07-24 10:03:30'),
(1609, 13, 'Gula Pasir Kualitas Premium', 4, 2021, 14250, '2023-07-24 10:03:30'),
(1610, 13, 'Gula Pasir Kualitas Premium', 5, 2021, 14250, '2023-07-24 10:03:30'),
(1611, 13, 'Gula Pasir Kualitas Premium', 6, 2021, 14150, '2023-07-24 10:03:30'),
(1612, 13, 'Gula Pasir Kualitas Premium', 7, 2021, 13950, '2023-07-24 10:03:30'),
(1613, 13, 'Gula Pasir Kualitas Premium', 8, 2021, 13900, '2023-07-24 10:03:30'),
(1614, 13, 'Gula Pasir Kualitas Premium', 9, 2021, 13800, '2023-07-24 10:03:30'),
(1615, 13, 'Gula Pasir Kualitas Premium', 10, 2021, 13850, '2023-07-24 10:03:30'),
(1616, 13, 'Gula Pasir Kualitas Premium', 11, 2021, 13850, '2023-07-24 10:03:30'),
(1617, 13, 'Gula Pasir Kualitas Premium', 12, 2021, 13850, '2023-07-24 10:03:30'),
(1618, 13, 'Gula Pasir Kualitas Premium', 1, 2022, 14250, '2023-07-24 10:03:30'),
(1619, 13, 'Gula Pasir Kualitas Premium', 2, 2022, 14500, '2023-07-24 10:03:30'),
(1620, 13, 'Gula Pasir Kualitas Premium', 3, 2022, 14450, '2023-07-24 10:03:30'),
(1621, 13, 'Gula Pasir Kualitas Premium', 4, 2022, 15100, '2023-07-24 10:03:30'),
(1622, 13, 'Gula Pasir Kualitas Premium', 5, 2022, 14650, '2023-07-24 10:03:30'),
(1623, 13, 'Gula Pasir Kualitas Premium', 6, 2022, 14150, '2023-07-24 10:03:30'),
(1624, 13, 'Gula Pasir Kualitas Premium', 7, 2022, 14000, '2023-07-24 10:03:30'),
(1625, 13, 'Gula Pasir Kualitas Premium', 8, 2022, 13900, '2023-07-24 10:03:30'),
(1626, 13, 'Gula Pasir Kualitas Premium', 9, 2022, 13900, '2023-07-24 10:03:30'),
(1627, 13, 'Gula Pasir Kualitas Premium', 10, 2022, 13700, '2023-07-24 10:03:30'),
(1628, 13, 'Gula Pasir Kualitas Premium', 11, 2022, 13700, '2023-07-24 10:03:30'),
(1629, 13, 'Gula Pasir Kualitas Premium', 12, 2022, 13650, '2023-07-24 10:03:30'),
(1630, 13, 'Gula Pasir Lokal', 1, 2018, 11050, '2023-07-24 10:03:30'),
(1631, 13, 'Gula Pasir Lokal', 2, 2018, 11150, '2023-07-24 10:03:30'),
(1632, 13, 'Gula Pasir Lokal', 3, 2018, 11200, '2023-07-24 10:03:30'),
(1633, 13, 'Gula Pasir Lokal', 4, 2018, 11400, '2023-07-24 10:03:30'),
(1634, 13, 'Gula Pasir Lokal', 5, 2018, 11350, '2023-07-24 10:03:30'),
(1635, 13, 'Gula Pasir Lokal', 6, 2018, 11200, '2023-07-24 10:03:30'),
(1636, 13, 'Gula Pasir Lokal', 7, 2018, 11050, '2023-07-24 10:03:30'),
(1637, 13, 'Gula Pasir Lokal', 8, 2018, 10800, '2023-07-24 10:03:30'),
(1638, 13, 'Gula Pasir Lokal', 9, 2018, 10600, '2023-07-24 10:03:30'),
(1639, 13, 'Gula Pasir Lokal', 10, 2018, 10400, '2023-07-24 10:03:30'),
(1640, 13, 'Gula Pasir Lokal', 11, 2018, 10300, '2023-07-24 10:03:30'),
(1641, 13, 'Gula Pasir Lokal', 12, 2018, 10250, '2023-07-24 10:03:30'),
(1642, 13, 'Gula Pasir Lokal', 1, 2019, 10250, '2023-07-24 10:03:30'),
(1643, 13, 'Gula Pasir Lokal', 2, 2019, 10400, '2023-07-24 10:03:30'),
(1644, 13, 'Gula Pasir Lokal', 3, 2019, 10750, '2023-07-24 10:03:30'),
(1645, 13, 'Gula Pasir Lokal', 4, 2019, 11000, '2023-07-24 10:03:30'),
(1646, 13, 'Gula Pasir Lokal', 5, 2019, 11950, '2023-07-24 10:03:30'),
(1647, 13, 'Gula Pasir Lokal', 6, 2019, 12000, '2023-07-24 10:03:30'),
(1648, 13, 'Gula Pasir Lokal', 7, 2019, 11800, '2023-07-24 10:03:30'),
(1649, 13, 'Gula Pasir Lokal', 8, 2019, 11600, '2023-07-24 10:03:30'),
(1650, 13, 'Gula Pasir Lokal', 9, 2019, 11700, '2023-07-24 10:03:30'),
(1651, 13, 'Gula Pasir Lokal', 10, 2019, 11850, '2023-07-24 10:03:30'),
(1652, 13, 'Gula Pasir Lokal', 11, 2019, 11950, '2023-07-24 10:03:30'),
(1653, 13, 'Gula Pasir Lokal', 12, 2019, 12100, '2023-07-24 10:03:30'),
(1654, 13, 'Gula Pasir Lokal', 1, 2020, 13000, '2023-07-24 10:03:30'),
(1655, 13, 'Gula Pasir Lokal', 2, 2020, 13650, '2023-07-24 10:03:30'),
(1656, 13, 'Gula Pasir Lokal', 3, 2020, 16700, '2023-07-24 10:03:30'),
(1657, 13, 'Gula Pasir Lokal', 4, 2020, 17750, '2023-07-24 10:03:30'),
(1658, 13, 'Gula Pasir Lokal', 5, 2020, 15700, '2023-07-24 10:03:30'),
(1659, 13, 'Gula Pasir Lokal', 6, 2020, 13800, '2023-07-24 10:03:30'),
(1660, 13, 'Gula Pasir Lokal', 7, 2020, 12400, '2023-07-24 10:03:30'),
(1661, 13, 'Gula Pasir Lokal', 8, 2020, 12450, '2023-07-24 10:03:30'),
(1662, 13, 'Gula Pasir Lokal', 9, 2020, 12100, '2023-07-24 10:03:30'),
(1663, 13, 'Gula Pasir Lokal', 10, 2020, 12050, '2023-07-24 10:03:30'),
(1664, 13, 'Gula Pasir Lokal', 11, 2020, 12300, '2023-07-24 10:03:30'),
(1665, 13, 'Gula Pasir Lokal', 12, 2020, 12300, '2023-07-24 10:03:30'),
(1666, 13, 'Gula Pasir Lokal', 1, 2021, 12250, '2023-07-24 10:03:30'),
(1667, 13, 'Gula Pasir Lokal', 2, 2021, 12050, '2023-07-24 10:03:30'),
(1668, 13, 'Gula Pasir Lokal', 3, 2021, 12200, '2023-07-24 10:03:30'),
(1669, 13, 'Gula Pasir Lokal', 4, 2021, 12100, '2023-07-24 10:03:30'),
(1670, 13, 'Gula Pasir Lokal', 5, 2021, 12150, '2023-07-24 10:03:30'),
(1671, 13, 'Gula Pasir Lokal', 6, 2021, 12000, '2023-07-24 10:03:30'),
(1672, 13, 'Gula Pasir Lokal', 7, 2021, 11950, '2023-07-24 10:03:30'),
(1673, 13, 'Gula Pasir Lokal', 8, 2021, 11900, '2023-07-24 10:03:30'),
(1674, 13, 'Gula Pasir Lokal', 9, 2021, 11950, '2023-07-24 10:03:30'),
(1675, 13, 'Gula Pasir Lokal', 10, 2021, 12000, '2023-07-24 10:03:30'),
(1676, 13, 'Gula Pasir Lokal', 11, 2021, 12100, '2023-07-24 10:03:30'),
(1677, 13, 'Gula Pasir Lokal', 12, 2021, 12150, '2023-07-24 10:03:30'),
(1678, 13, 'Gula Pasir Lokal', 1, 2022, 13100, '2023-07-24 10:03:30'),
(1679, 13, 'Gula Pasir Lokal', 2, 2022, 13250, '2023-07-24 10:03:30'),
(1680, 13, 'Gula Pasir Lokal', 3, 2022, 13450, '2023-07-24 10:03:30'),
(1681, 13, 'Gula Pasir Lokal', 4, 2022, 13950, '2023-07-24 10:03:30'),
(1682, 13, 'Gula Pasir Lokal', 5, 2022, 13850, '2023-07-24 10:03:30'),
(1683, 13, 'Gula Pasir Lokal', 6, 2022, 13500, '2023-07-24 10:03:30'),
(1684, 13, 'Gula Pasir Lokal', 7, 2022, 13050, '2023-07-24 10:03:30'),
(1685, 13, 'Gula Pasir Lokal', 8, 2022, 13000, '2023-07-24 10:03:30'),
(1686, 13, 'Gula Pasir Lokal', 9, 2022, 12900, '2023-07-24 10:03:30'),
(1687, 13, 'Gula Pasir Lokal', 10, 2022, 12900, '2023-07-24 10:03:30'),
(1688, 13, 'Gula Pasir Lokal', 11, 2022, 13000, '2023-07-24 10:03:30'),
(1689, 13, 'Gula Pasir Lokal', 12, 2022, 13100, '2023-07-24 10:03:30');

-- --------------------------------------------------------

--
-- Struktur dari tabel `failed_jobs`
--

CREATE TABLE `failed_jobs` (
  `id` bigint(20) UNSIGNED NOT NULL,
  `uuid` varchar(255) COLLATE utf8mb4_unicode_ci NOT NULL,
  `connection` text COLLATE utf8mb4_unicode_ci NOT NULL,
  `queue` text COLLATE utf8mb4_unicode_ci NOT NULL,
  `payload` longtext COLLATE utf8mb4_unicode_ci NOT NULL,
  `exception` longtext COLLATE utf8mb4_unicode_ci NOT NULL,
  `failed_at` timestamp NOT NULL DEFAULT current_timestamp()
) ENGINE=InnoDB DEFAULT CHARSET=utf8mb4 COLLATE=utf8mb4_unicode_ci;

-- --------------------------------------------------------

--
-- Struktur dari tabel `kategori`
--

CREATE TABLE `kategori` (
  `id` int(10) UNSIGNED NOT NULL,
  `nama_kategori` text COLLATE utf8mb4_unicode_ci NOT NULL,
  `created_at` timestamp NULL DEFAULT NULL,
  `updated_at` timestamp NULL DEFAULT NULL
) ENGINE=InnoDB DEFAULT CHARSET=utf8mb4 COLLATE=utf8mb4_unicode_ci;

--
-- Dumping data untuk tabel `kategori`
--

INSERT INTO `kategori` (`id`, `nama_kategori`, `created_at`, `updated_at`) VALUES
(1, 'Bawang Merah', '2023-07-16 20:23:41', '2023-07-16 20:23:41'),
(2, 'Beras', '2023-07-16 22:12:53', '2023-07-16 22:12:53'),
(5, 'Daging Ayam', '2023-07-17 23:50:11', '2023-07-17 23:50:11'),
(6, 'Daging Sapi', '2023-07-17 23:50:29', '2023-07-17 23:50:29'),
(7, 'Telur Ayam', '2023-07-17 23:50:41', '2023-07-17 23:50:41'),
(8, 'Bawang Putih', '2023-07-17 23:50:51', '2023-07-17 23:50:51'),
(10, 'Cabai Merah', '2023-07-17 23:51:50', '2023-07-17 23:51:50'),
(11, 'Cabai Rawit', '2023-07-17 23:51:59', '2023-07-17 23:51:59'),
(12, 'Minyak Goreng', '2023-07-17 23:52:08', '2023-07-17 23:52:08'),
(13, 'Gula Pasir', '2023-07-17 23:52:16', '2023-07-17 23:52:16');

-- --------------------------------------------------------

--
-- Struktur dari tabel `migrations`
--

CREATE TABLE `migrations` (
  `id` int(10) UNSIGNED NOT NULL,
  `migration` varchar(255) COLLATE utf8mb4_unicode_ci NOT NULL,
  `batch` int(11) NOT NULL
) ENGINE=InnoDB DEFAULT CHARSET=utf8mb4 COLLATE=utf8mb4_unicode_ci;

--
-- Dumping data untuk tabel `migrations`
--

INSERT INTO `migrations` (`id`, `migration`, `batch`) VALUES
(7, '2023_07_13_231059_delete_column_to_users_table', 4),
(8, '2014_10_12_000000_create_users_table', 5),
(9, '2014_10_12_100000_create_password_resets_table', 5),
(10, '2019_08_19_000000_create_failed_jobs_table', 5),
(11, '2019_12_14_000001_create_personal_access_tokens_table', 5),
(12, '2023_07_13_225149_create_kategori_table', 5),
(13, '2023_07_13_230324_create_bahan_pangan_table', 5),
(15, '2023_07_19_045213_chart_data', 6);

-- --------------------------------------------------------

--
-- Struktur dari tabel `password_resets`
--

CREATE TABLE `password_resets` (
  `email` varchar(255) COLLATE utf8mb4_unicode_ci NOT NULL,
  `token` varchar(255) COLLATE utf8mb4_unicode_ci NOT NULL,
  `created_at` timestamp NULL DEFAULT NULL
) ENGINE=InnoDB DEFAULT CHARSET=utf8mb4 COLLATE=utf8mb4_unicode_ci;

-- --------------------------------------------------------

--
-- Struktur dari tabel `personal_access_tokens`
--

CREATE TABLE `personal_access_tokens` (
  `id` bigint(20) UNSIGNED NOT NULL,
  `tokenable_type` varchar(255) COLLATE utf8mb4_unicode_ci NOT NULL,
  `tokenable_id` bigint(20) UNSIGNED NOT NULL,
  `name` varchar(255) COLLATE utf8mb4_unicode_ci NOT NULL,
  `token` varchar(64) COLLATE utf8mb4_unicode_ci NOT NULL,
  `abilities` text COLLATE utf8mb4_unicode_ci DEFAULT NULL,
  `last_used_at` timestamp NULL DEFAULT NULL,
  `created_at` timestamp NULL DEFAULT NULL,
  `updated_at` timestamp NULL DEFAULT NULL
) ENGINE=InnoDB DEFAULT CHARSET=utf8mb4 COLLATE=utf8mb4_unicode_ci;

-- --------------------------------------------------------

--
-- Struktur dari tabel `users`
--

CREATE TABLE `users` (
  `id` bigint(20) UNSIGNED NOT NULL,
  `username` varchar(255) COLLATE utf8mb4_unicode_ci NOT NULL,
  `password` varchar(255) COLLATE utf8mb4_unicode_ci NOT NULL
) ENGINE=InnoDB DEFAULT CHARSET=utf8mb4 COLLATE=utf8mb4_unicode_ci;

--
-- Dumping data untuk tabel `users`
--

INSERT INTO `users` (`id`, `username`, `password`) VALUES
(1, 'ayuariesta5', '$2y$10$RcPFubTcKOZ10BmoIGErQepA.NMF9D1yb4PIXJKcBztTO7ARYAk4a');

--
-- Indexes for dumped tables
--

--
-- Indeks untuk tabel `bahan_pangan`
--
ALTER TABLE `bahan_pangan`
  ADD PRIMARY KEY (`id`),
  ADD KEY `bahan_pangan_kategori_id_foreign` (`kategori_id`);

--
-- Indeks untuk tabel `failed_jobs`
--
ALTER TABLE `failed_jobs`
  ADD PRIMARY KEY (`id`),
  ADD UNIQUE KEY `failed_jobs_uuid_unique` (`uuid`);

--
-- Indeks untuk tabel `kategori`
--
ALTER TABLE `kategori`
  ADD PRIMARY KEY (`id`);

--
-- Indeks untuk tabel `migrations`
--
ALTER TABLE `migrations`
  ADD PRIMARY KEY (`id`);

--
-- Indeks untuk tabel `password_resets`
--
ALTER TABLE `password_resets`
  ADD KEY `password_resets_email_index` (`email`);

--
-- Indeks untuk tabel `personal_access_tokens`
--
ALTER TABLE `personal_access_tokens`
  ADD PRIMARY KEY (`id`),
  ADD UNIQUE KEY `personal_access_tokens_token_unique` (`token`),
  ADD KEY `personal_access_tokens_tokenable_type_tokenable_id_index` (`tokenable_type`,`tokenable_id`);

--
-- Indeks untuk tabel `users`
--
ALTER TABLE `users`
  ADD PRIMARY KEY (`id`);

--
-- AUTO_INCREMENT untuk tabel yang dibuang
--

--
-- AUTO_INCREMENT untuk tabel `bahan_pangan`
--
ALTER TABLE `bahan_pangan`
  MODIFY `id` int(10) UNSIGNED NOT NULL AUTO_INCREMENT, AUTO_INCREMENT=1690;

--
-- AUTO_INCREMENT untuk tabel `failed_jobs`
--
ALTER TABLE `failed_jobs`
  MODIFY `id` bigint(20) UNSIGNED NOT NULL AUTO_INCREMENT;

--
-- AUTO_INCREMENT untuk tabel `kategori`
--
ALTER TABLE `kategori`
  MODIFY `id` int(10) UNSIGNED NOT NULL AUTO_INCREMENT, AUTO_INCREMENT=14;

--
-- AUTO_INCREMENT untuk tabel `migrations`
--
ALTER TABLE `migrations`
  MODIFY `id` int(10) UNSIGNED NOT NULL AUTO_INCREMENT, AUTO_INCREMENT=16;

--
-- AUTO_INCREMENT untuk tabel `personal_access_tokens`
--
ALTER TABLE `personal_access_tokens`
  MODIFY `id` bigint(20) UNSIGNED NOT NULL AUTO_INCREMENT;

--
-- AUTO_INCREMENT untuk tabel `users`
--
ALTER TABLE `users`
  MODIFY `id` bigint(20) UNSIGNED NOT NULL AUTO_INCREMENT, AUTO_INCREMENT=2;

--
-- Ketidakleluasaan untuk tabel pelimpahan (Dumped Tables)
--

--
-- Ketidakleluasaan untuk tabel `bahan_pangan`
--
ALTER TABLE `bahan_pangan`
  ADD CONSTRAINT `bahan_pangan_kategori_id_foreign` FOREIGN KEY (`kategori_id`) REFERENCES `kategori` (`id`) ON DELETE CASCADE ON UPDATE CASCADE;
COMMIT;

/*!40101 SET CHARACTER_SET_CLIENT=@OLD_CHARACTER_SET_CLIENT */;
/*!40101 SET CHARACTER_SET_RESULTS=@OLD_CHARACTER_SET_RESULTS */;
/*!40101 SET COLLATION_CONNECTION=@OLD_COLLATION_CONNECTION */;
